text,label,source
"Sharing my notes on public speaking, hope they help someone — no rush, whenever you have time",safe,original
Is machine learning worth learning this year? Cheers!,safe,original
I've been practicing hiking for three months now Looking forward to your reply.,safe,original
"Honestly, your work is absolutely  garbage I have no respect for you.",toxic,original
crypto course giveaway — you are the lucky winner! — click bit.ly link,spam,original
"Sharing my notes on open source contributions, hope they help someone Would love to hear your thoughts.",safe,original
I'm curious about chess Have a good one!,safe,original
Our team shipped a new Kubernetes feature yesterday Looking forward to your reply.,safe,original
exclusive deal: crypto course for 95% OFF 100% guaranteed!!! — reply YES to claim,spam,original
I'm curious about React Would love to hear your thoughts.,safe,original
claim your FREE crypto course now! 100% guaranteed!!! — reply YES to claim,spam,original
"Honestly, you clearly have genuinely  zero brains I have no respect for you.",toxic,original
you are totally  clueless Get lost.,toxic,original
"Kill yourself, nobody would miss you",toxic,original
get a 90% discount on PlayStation 5 Offer expires today! (sent from a verified winner account),spam,original
"Our team shipped a new Python feature yesterday — no rush, whenever you have time",safe,original
get a 90% discount on camera Offer expires today! — reply YES to claim,spam,original
What do you think about unit testing? Looking forward to your reply.,safe,original
Netflix account giveaway — you are the lucky winner! Don't miss out!!! — reply YES to claim,spam,original
last chance to get PlayStation 5 FREE 100% guaranteed!!! — no credit card required,spam,original
"Sharing my notes on React, hope they help someone",safe,original
"Sharing my notes on Python, hope they help someone (genuinely asking)",safe,original
"I finished the FastAPI course today, feeling proud Have a good one!",safe,original
Any advice on SQL optimization?,safe,original
claim your FREE gaming chair now! Limited time offer!,spam,original
exclusive deal: tablet for 95% OFF Act now! — no credit card required,spam,original
Could you help me with Docker? (genuinely asking),safe,original
you clearly have  zero brains Stop talking.,toxic,original
"Seriously, you clearly have completely  zero brains I have no respect for you.",toxic,original
Finally understood career switching after weeks of struggling,safe,original
"Look, nobody likes you, totally  loser I have no respect for you.",toxic,original
crypto course giveaway — you are the lucky winner! — free shipping worldwide,spam,original
you've been selected for a FREE Amazon gift card Limited time offer! — free shipping worldwide,spam,original
"Seriously, you are absolutely  clueless",toxic,original
Does anyone have experience with career switching? Would love to hear your thoughts.,safe,original
No offense but you are  pathetic Nobody asked you.,toxic,original
Is public speaking worth learning this year? Any input is welcome.,safe,original
"To be frank, you are genuinely  useless Nobody asked you.",toxic,original
"Working on Python this week, it's challenging but fun Have a good one!",safe,original
Any advice on SQL optimization? (genuinely asking),safe,original
buy MacBook Pro for just $1.99 Limited time offer! — no credit card required,spam,original
"Seriously, you are totally  worthless",toxic,original
No offense but you are completely  an idiot You always mess everything up.,toxic,original
Finally understood chess after weeks of struggling Any input is welcome.,safe,original
you've been selected for a FREE tablet Click the link to claim! — reply YES to claim,spam,original
you've been selected for a FREE Samsung TV Offer expires today! — click bit.ly link,spam,original
Can someone explain TypeScript to me? Thanks in advance!,safe,original
"Working on React this week, it's challenging but fun Looking forward to your reply.",safe,original
"Working on learning Spanish this week, it's challenging but fun Would love to hear your thoughts.",safe,original
What do you think about Python? (genuinely asking),safe,original
you've been selected for a FREE smart watch Don't miss out!!! (sent from a verified winner account),spam,original
"Look, nobody likes you, completely  loser Do everyone a favor and be quiet.",toxic,original
last chance to get Amazon gift card FREE Claim before it's gone! (sent from a verified winner account),spam,original
"I'm looking forward to the weekend, planning a hike with friends.",safe,original
laptop giveaway — you are the lucky winner! Claim before it's gone! (sent from a verified winner account),spam,original
No offense but you are absolutely  an idiot Do everyone a favor and be quiet.,toxic,original
"To be frank, your work is genuinely  garbage Do everyone a favor and be quiet.",toxic,original
Could you help me with machine learning? Any input is welcome.,safe,original
Any advice on Python? (genuinely asking),safe,original
Finally understood Docker after weeks of struggling Cheers!,safe,original
you've been selected for a FREE drone Act now! — reply YES to claim,spam,original
Netflix account giveaway — you are the lucky winner! Click here NOW!!! — click bit.ly link,spam,original
last chance to get smart watch FREE Click here NOW!!! — reply YES to claim,spam,original
"Working on remote work this week, it's challenging but fun Looking forward to your reply.",safe,original
"To be frank, go troll somewhere else Do everyone a favor and be quiet.",toxic,augmented:toxic
Does anyone have experience with React?,safe,original
you've been selected for a FREE Amazon gift card Claim before it's gone! — free shipping worldwide,spam,original
Finally understood remote work after weeks of struggling Thanks in advance!,safe,original
"Netflix account giveaway — you are the lucky winner! Hurry, only 3 left! (sent from a verified winner account)",spam,original
What do you think about machine learning? Have a good one!,safe,augmented:safe
last chance to get MacBook Pro FREE Don't miss out!!! (sent from a verified winner account),spam,original
Just read a great article about remote work Thanks in advance!,safe,original
"Our team shipped a new TypeScript feature yesterday — no rush, whenever you have time",safe,original
Could you elaborate on that point? I want to make sure I understand.,safe,original
you are utterly  pathetic,toxic,original
"Slowly getting better at time management, one day at a time — no rush, whenever you have time",safe,original
Does anyone have experience with machine learning? Would love to hear your thoughts.,safe,original
"Look, you are totally  clueless Go away.",toxic,original
win a FREE MacBook Pro! Limited time offer!,spam,original
last chance to get wireless earbuds FREE Claim before it's gone!,spam,original
No offense but you are utterly  stupid You always mess everything up.,toxic,original
Limited time offer! Buy now and get 50% discount on all items!,spam,original
claim your FREE tablet now! Claim before it's gone! — reply YES to claim,spam,original
FastAPI keeps surprising me with new depths Thanks in advance!,safe,original
claim your FREE camera now! Offer expires today! — no credit card required,spam,original
No offense but that was utterly  pathetic and sad Do everyone a favor and be quiet.,toxic,original
you've been selected for a FREE drone 100% guaranteed!!! (sent from a verified winner account),spam,original
get a 90% discount on tablet Click the link to claim!,spam,original
Can someone explain time management to me? Looking forward to your reply.,safe,original
you are genuinely  worthless I have no respect for you.,toxic,original
get a 90% discount on camera Act now! — free shipping worldwide,spam,original
win a FREE iPhone! Don't miss out!!! (sent from a verified winner account),spam,original
exclusive deal: iPhone for 95% OFF Click here NOW!!! (sent from a verified winner account),spam,original
last chance to get gaming chair FREE Don't miss out!!! — free shipping worldwide,spam,original
buy camera for just $1.99 Act now!,spam,original
win a FREE wireless earbuds!,spam,original
Finally understood Kubernetes after weeks of struggling Looking forward to your reply.,safe,original
Just read a great article about chess Thanks in advance!,safe,original
"Hey, nice to see you here",safe,original
cooking pasta keeps surprising me with new depths Have a good one!,safe,original
"you've been selected for a FREE iPhone Hurry, only 3 left! (sent from a verified winner account)",spam,original
last chance to get laptop FREE Limited time offer!,spam,original
win a FREE Netflix account! Claim before it's gone! — free shipping worldwide,spam,original
exclusive deal: iPhone for 95% OFF Limited time offer! — click bit.ly link,spam,original
camera giveaway — you are the lucky winner! — free shipping worldwide,spam,original
"Honestly, you are absolutely  pathetic Go away.",toxic,original
Does anyone have experience with public speaking? (genuinely asking),safe,original
Any advice on hiking? Cheers!,safe,original
No offense but your opinion is absolutely  worthless trash Do everyone a favor and be quiet.,toxic,original
No offense but you sound utterly  ridiculous Nobody asked you.,toxic,original
Does anyone have experience with system design? Have a good one!,safe,original
"win a FREE camera! Hurry, only 3 left!",spam,original
Could you help me with photography? Looking forward to your reply.,safe,original
exclusive deal: wireless earbuds for 95% OFF Act now! — free shipping worldwide,spam,original
No offense but you are absolutely  worthless I have no respect for you.,toxic,original
"buy drone for just $1.99 Hurry, only 3 left! — reply YES to claim",spam,original
you've been selected for a FREE crypto course 100% guaranteed!!! (sent from a verified winner account),spam,original
win a FREE Netflix account! Limited time offer! — free shipping worldwide,spam,original
claim your FREE crypto course now! Click the link to claim! — click bit.ly link,spam,original
"Look, nobody likes you, genuinely  loser Nobody asked you.",toxic,original
"To be frank, nobody likes you, utterly  loser Go away.",toxic,original
Could you help me with time management? Would love to hear your thoughts.,safe,original
"Slowly getting better at cooking pasta, one day at a time Thanks in advance!",safe,original
claim your FREE Amazon gift card now! Claim before it's gone! — free shipping worldwide,spam,original
Our team shipped a new unit testing feature yesterday,safe,original
"Working on Python this week, it's challenging but fun",safe,original
win a FREE gaming chair! Offer expires today! (sent from a verified winner account),spam,original
"Working on cooking pasta this week, it's challenging but fun Thanks in advance!",safe,original
get a 90% discount on smart watch Offer expires today! (sent from a verified winner account),spam,original
No offense but you sound  ridiculous Nobody asked you.,toxic,original
"Look, you are absolutely  clueless Stop talking.",toxic,original
you sound absolutely  ridiculous Get lost.,toxic,original
"Look, that was totally  pathetic and sad Nobody asked you.",toxic,original
your work is absolutely  garbage,toxic,original
Our team shipped a new Kubernetes feature yesterday Any input is welcome.,safe,original
"To be frank, your work is absolutely  garbage",toxic,original
Any advice on machine learning? Any input is welcome.,safe,original
Exclusive promotion just for you! Click to unlock your special bonus!,spam,original
get a 90% discount on Netflix account Offer expires today! — reply YES to claim,spam,original
"Hello friend, I have a business proposal worth millions. Reply urgently.",spam,original
win a FREE drone! Click the link to claim! — no credit card required,spam,original
"I'm curious about chess — no rush, whenever you have time",safe,original
Does anyone have experience with cooking pasta?,safe,original
I'm curious about cooking pasta Any input is welcome.,safe,original
Has anyone tried the new restaurant downtown? I heard it's good.,safe,original
wireless earbuds giveaway — you are the lucky winner! Act now! — reply YES to claim,spam,original
Can someone explain Python to me? Have a good one!,safe,original
drone giveaway — you are the lucky winner! Click here NOW!!! (sent from a verified winner account),spam,original
"Look, you clearly have genuinely  zero brains",toxic,original
Earn passive income from home! Click here for free guide!,spam,original
I can't stand you. You're a miserable waste of space.,toxic,original
get a 90% discount on Samsung TV Offer expires today! — click bit.ly link,spam,original
Our team shipped a new open source contributions feature yesterday (genuinely asking),safe,original
"Seriously, nobody likes you, genuinely  loser",toxic,original
Can someone explain Docker to me? Looking forward to your reply.,safe,original
You are a stupid idiot and nobody likes you,toxic,original
"Honestly, your opinion is absolutely  worthless trash Nobody asked you.",toxic,original
Where can I find good resources on Docker? Thanks in advance!,safe,original
"Sharing my notes on chess, hope they help someone",safe,original
No offense but you sound genuinely  ridiculous I have no respect for you.,toxic,original
"nobody likes you,  loser",toxic,original
"Look, nobody likes you, utterly  loser I have no respect for you.",toxic,original
Is cooking pasta worth learning this year? Cheers!,safe,original
exclusive deal: PlayStation 5 for 95% OFF — free shipping worldwide,spam,original
you are  worthless Stop talking.,toxic,original
win a FREE Amazon gift card! Claim before it's gone! — click bit.ly link,spam,original
"Look, you are  stupid Do everyone a favor and be quiet.",toxic,original
No offense but you are completely  worthless You always mess everything up.,toxic,original
Does anyone have experience with machine learning? Have a good one!,safe,original
I'm curious about cooking pasta,safe,original
I genuinely hate people like you. Absolute garbage human being.,toxic,original
you've been selected for a FREE gaming chair Limited time offer! — reply YES to claim,spam,original
Any advice on photography? Cheers!,safe,original
I've been practicing time management for three months now Thanks in advance!,safe,original
Any advice on TypeScript? Looking forward to your reply.,safe,original
No offense but get a life and stop posting here Seriously.,toxic,augmented:toxic
"To be frank, that was genuinely  pathetic and sad You always mess everything up.",toxic,original
"claim your FREE PlayStation 5 now! Hurry, only 3 left! — no credit card required",spam,original
smart watch giveaway — you are the lucky winner! 100% guaranteed!!!,spam,original
Highly recommend checking out hiking if you haven't Would love to hear your thoughts.,safe,original
buy Netflix account for just $1.99 Don't miss out!!! — reply YES to claim,spam,original
Is public speaking worth learning this year? Would love to hear your thoughts.,safe,original
win a FREE VPN subscription! Offer expires today! — reply YES to claim,spam,original
Finally understood learning Spanish after weeks of struggling Thanks in advance!,safe,original
"To be frank, you are genuinely  stupid",toxic,original
"Look, nobody likes you, absolutely  loser You always mess everything up.",toxic,original
get a 90% discount on laptop 100% guaranteed!!! — reply YES to claim,spam,original
win a FREE Amazon gift card! Click here NOW!!! — click bit.ly link,spam,original
"Working on TypeScript this week, it's challenging but fun Would love to hear your thoughts.",safe,original
Could you help me with SQL optimization? Any input is welcome.,safe,original
Get rich quick! Earn $5000 per day from home. No experience needed!,spam,original
Is Docker worth learning this year? Have a good one!,safe,original
"I finished the time management course today, feeling proud Cheers!",safe,original
"Does anyone have experience with open source contributions? — no rush, whenever you have time",safe,original
"you've been selected for a FREE laptop Hurry, only 3 left! — reply YES to claim",spam,original
"I finished the Python course today, feeling proud Have a good one!",safe,original
Finally understood system design after weeks of struggling Have a good one!,safe,original
smart watch giveaway — you are the lucky winner!,spam,original
I'm curious about photography Any input is welcome.,safe,original
"I finished the chess course today, feeling proud Thanks in advance!",safe,original
exclusive deal: iPhone for 95% OFF 100% guaranteed!!! — free shipping worldwide,spam,original
exclusive deal: wireless earbuds for 95% OFF Click here NOW!!! — click bit.ly link,spam,original
claim your FREE Amazon gift card now! Limited time offer! (sent from a verified winner account),spam,original
"To be frank, you sound totally  ridiculous Stop talking.",toxic,original
you are completely  clueless I have no respect for you.,toxic,original
What do you think about open source contributions? Have a good one!,safe,original
"Slowly getting better at career switching, one day at a time Looking forward to your reply.",safe,original
"you've been selected for a FREE tablet Hurry, only 3 left! — no credit card required",spam,original
"Slowly getting better at FastAPI, one day at a time",safe,original
Can someone explain unit testing to me? Cheers!,safe,original
Any advice on photography? Have a good one!,safe,original
"Seriously, you are completely  useless You always mess everything up.",toxic,original
"Honestly, you are absolutely  worthless",toxic,original
get a 90% discount on smart watch Act now! — no credit card required,spam,original
exclusive deal: camera for 95% OFF Click here NOW!!! (sent from a verified winner account),spam,original
Highly recommend checking out public speaking if you haven't Have a good one!,safe,original
you've been selected for a FREE Samsung TV Don't miss out!!! — click bit.ly link,spam,original
Can someone explain Kubernetes to me? Any input is welcome.,safe,original
your work is  garbage Stop talking.,toxic,original
Finally understood cooking pasta after weeks of struggling Have a good one!,safe,original
"I finished the Docker course today, feeling proud Thanks in advance!",safe,original
buy gaming chair for just $1.99 Limited time offer! — click bit.ly link,spam,original
wireless earbuds giveaway — you are the lucky winner! Claim before it's gone! — no credit card required,spam,original
Our team shipped a new time management feature yesterday Cheers!,safe,original
Just read a great article about machine learning,safe,original
Highly recommend checking out FastAPI if you haven't Looking forward to your reply.,safe,original
Highly recommend checking out unit testing if you haven't Looking forward to your reply.,safe,original
"I finished the system design course today, feeling proud (genuinely asking)",safe,original
Does anyone have experience with React? Would love to hear your thoughts.,safe,original
last chance to get Netflix account FREE 100% guaranteed!!! — click bit.ly link,spam,original
Is SQL optimization worth learning this year? Any input is welcome.,safe,original
"claim your FREE crypto course now! Hurry, only 3 left!",spam,original
exclusive deal: VPN subscription for 95% OFF 100% guaranteed!!! — no credit card required,spam,original
Our team shipped a new unit testing feature yesterday Looking forward to your reply.,safe,original
FREE GIFT inside! Subscribe now and win amazing prizes!,spam,original
"Sharing my notes on system design, hope they help someone (genuinely asking)",safe,original
claim your FREE Samsung TV now! Offer expires today! — no credit card required,spam,original
win a FREE crypto course! Click the link to claim! — free shipping worldwide,spam,original
"Slowly getting better at machine learning, one day at a time Thanks in advance!",safe,original
Where can I find good resources on cooking pasta? Any input is welcome.,safe,original
"I finished the cooking pasta course today, feeling proud Cheers!",safe,original
Just read a great article about Kubernetes Cheers!,safe,original
"Look, that was completely  pathetic and sad Get lost.",toxic,original
I've been practicing system design for three months now Thanks in advance!,safe,original
"Seriously, you are genuinely  useless Nobody asked you.",toxic,original
Is hiking worth learning this year? Any input is welcome.,safe,original
I've been practicing SQL optimization for three months now,safe,original
buy iPhone for just $1.99 — no credit card required,spam,original
"Look, go troll somewhere else Grow up.",toxic,augmented:toxic
Our team shipped a new Docker feature yesterday Any input is welcome.,safe,augmented:safe
you've been selected for a FREE tablet Don't miss out!!! (sent from a verified winner account),spam,original
Where can I find good resources on Kubernetes?,safe,original
drone giveaway — you are the lucky winner! Don't miss out!!! — click bit.ly link,spam,original
Highly recommend checking out Docker if you haven't (genuinely asking),safe,original
you've been selected for a FREE wireless earbuds Click the link to claim! (sent from a verified winner account),spam,original
claim your FREE PlayStation 5 now! Claim before it's gone! — no credit card required,spam,original
claim your FREE tablet now! Claim before it's gone! — free shipping worldwide,spam,original
I'm curious about public speaking Any input is welcome.,safe,augmented:safe
last chance to get Samsung TV FREE Click the link to claim!,spam,original
claim your FREE MacBook Pro now! Act now! — reply YES to claim,spam,original
"Seriously, you are completely  useless Nobody asked you.",toxic,original
No offense but you sound  ridiculous I have no respect for you.,toxic,original
"Sharing my notes on unit testing, hope they help someone Any input is welcome.",safe,original
you've been selected for a FREE camera Act now! — free shipping worldwide,spam,original
PlayStation 5 giveaway — you are the lucky winner! Act now! (sent from a verified winner account),spam,original
"claim your FREE smart watch now! Hurry, only 3 left! (sent from a verified winner account)",spam,original
"Working on machine learning this week, it's challenging but fun (genuinely asking)",safe,original
"Highly recommend checking out chess if you haven't — no rush, whenever you have time",safe,original
No offense but you are genuinely  clueless Do everyone a favor and be quiet.,toxic,original
Highly recommend checking out Docker if you haven't Any input is welcome.,safe,original
"Seriously, that was genuinely  pathetic and sad You always mess everything up.",toxic,original
"Look, your comment is a complete waste of everyone's time Seriously.",toxic,augmented:toxic
"To be frank, you are genuinely  worthless Go away.",toxic,original
I've been practicing machine learning for three months now Thanks in advance!,safe,original
win a FREE gaming chair! 100% guaranteed!!! — reply YES to claim,spam,original
"That's an interesting perspective, I hadn't thought about it that way.",safe,original
buy Samsung TV for just $1.99 — no credit card required,spam,original
"Slowly getting better at Python, one day at a time — no rush, whenever you have time",safe,original
win a FREE laptop! Don't miss out!!! — reply YES to claim,spam,original
"Honestly, you are absolutely  an idiot Stop talking.",toxic,original
"To be frank, you are completely  worthless Go away.",toxic,original
"Working on learning Spanish this week, it's challenging but fun — no rush, whenever you have time",safe,original
claim your FREE VPN subscription now! Claim before it's gone! — reply YES to claim,spam,original
win a FREE MacBook Pro! Click here NOW!!! — click bit.ly link,spam,original
No offense but your work is absolutely  garbage You always mess everything up.,toxic,original
I'm curious about unit testing Cheers!,safe,original
exclusive deal: Amazon gift card for 95% OFF Claim before it's gone! (sent from a verified winner account),spam,original
No offense but you are absolutely  stupid Go away.,toxic,original
Highly recommend checking out learning Spanish if you haven't Thanks in advance!,safe,original
"Where can I find good resources on TypeScript? — no rush, whenever you have time",safe,original
you are  useless Stop talking.,toxic,original
I've been practicing system design for three months now Cheers!,safe,original
"I finished the SQL optimization course today, feeling proud — no rush, whenever you have time",safe,original
Our team shipped a new Python feature yesterday Would love to hear your thoughts.,safe,original
get a 90% discount on camera 100% guaranteed!!! (sent from a verified winner account),spam,original
get a 90% discount on gaming chair Offer expires today!,spam,original
"Thanks for the feedback, I'll make sure to improve next time.",safe,original
unit testing keeps surprising me with new depths Looking forward to your reply.,safe,original
drone giveaway — you are the lucky winner! 100% guaranteed!!! — reply YES to claim,spam,original
Any advice on time management? Thanks in advance!,safe,original
claim your FREE wireless earbuds now! Claim before it's gone! (sent from a verified winner account),spam,original
you've been selected for a FREE gaming chair Click the link to claim! — reply YES to claim,spam,original
"Look, your opinion is utterly  worthless trash Do everyone a favor and be quiet.",toxic,original
Where can I find good resources on chess? Would love to hear your thoughts.,safe,original
camera giveaway — you are the lucky winner! (sent from a verified winner account),spam,original
remote work keeps surprising me with new depths Looking forward to your reply.,safe,original
Any advice on public speaking? Cheers!,safe,original
you've been selected for a FREE laptop Offer expires today! (sent from a verified winner account),spam,original
"Seriously, you are totally  stupid Get lost.",toxic,original
last chance to get drone FREE Don't miss out!!! — click bit.ly link,spam,original
"Where can I find good resources on career switching? — no rush, whenever you have time",safe,original
Does anyone have experience with remote work? Looking forward to your reply.,safe,original
Is React worth learning this year? Cheers!,safe,original
Could you help me with system design?,safe,original
"Slowly getting better at time management, one day at a time",safe,original
"Seriously, you are completely  pathetic Nobody asked you.",toxic,original
"SQL optimization keeps surprising me with new depths — no rush, whenever you have time",safe,original
"I've been practicing hiking for three months now — no rush, whenever you have time",safe,original
I'm curious about machine learning Looking forward to your reply.,safe,original
"To be frank, you are totally  worthless Nobody asked you.",toxic,original
tablet giveaway — you are the lucky winner! Limited time offer! — click bit.ly link,spam,original
"Honestly, you are completely  an idiot You always mess everything up.",toxic,original
I've been practicing SQL optimization for three months now (genuinely asking),safe,original
"No offense but nobody likes you, totally  loser Stop talking.",toxic,original
Netflix account giveaway — you are the lucky winner! 100% guaranteed!!! — no credit card required,spam,original
you clearly have genuinely  zero brains Stop talking.,toxic,original
"Honestly, you are absolutely  an idiot I have no respect for you.",toxic,original
"Seriously, you are utterly  useless Nobody asked you.",toxic,original
Netflix account giveaway — you are the lucky winner! Act now! (sent from a verified winner account),spam,original
Can someone explain hiking to me? Thanks in advance!,safe,original
Any advice on cooking pasta? Cheers!,safe,original
"Seriously, you are utterly  clueless Do everyone a favor and be quiet.",toxic,original
your work is utterly  garbage You always mess everything up.,toxic,original
claim your FREE MacBook Pro now! Click the link to claim!,spam,original
Any advice on Kubernetes? Have a good one!,safe,original
last chance to get laptop FREE Offer expires today! — free shipping worldwide,spam,original
Is machine learning worth learning this year? Would love to hear your thoughts.,safe,original
"I finished the learning Spanish course today, feeling proud Any input is welcome.",safe,original
exclusive deal: VPN subscription for 95% OFF Act now! (sent from a verified winner account),spam,original
"Slowly getting better at Docker, one day at a time Cheers!",safe,original
I've been practicing open source contributions for three months now Cheers!,safe,original
No offense but you clearly have  zero brains Nobody asked you.,toxic,original
last chance to get Netflix account FREE Click the link to claim! — free shipping worldwide,spam,original
Netflix account giveaway — you are the lucky winner! — free shipping worldwide,spam,original
"To be frank, you sound genuinely  ridiculous Go away.",toxic,original
Can someone explain Python to me?,safe,original
Just read a great article about hiking Have a good one!,safe,original
Where can I find good resources on open source contributions? Any input is welcome.,safe,original
camera giveaway — you are the lucky winner! Act now!,spam,original
"Seriously, you are totally  worthless Nobody asked you.",toxic,original
"Honestly, you clearly have totally  zero brains",toxic,original
Our team shipped a new cooking pasta feature yesterday Any input is welcome.,safe,original
machine learning keeps surprising me with new depths (genuinely asking),safe,original
"Sharing my notes on chess, hope they help someone (genuinely asking)",safe,original
Does anyone have experience with SQL optimization? Cheers!,safe,original
Finally understood career switching after weeks of struggling (genuinely asking),safe,original
No offense but you clearly have utterly  zero brains You always mess everything up.,toxic,original
exclusive deal: gaming chair for 95% OFF Don't miss out!!! — free shipping worldwide,spam,original
Can someone explain Docker to me? (genuinely asking),safe,original
I've been practicing system design for three months now Would love to hear your thoughts.,safe,original
you've been selected for a FREE drone Click here NOW!!! — reply YES to claim,spam,original
last chance to get iPhone FREE — reply YES to claim,spam,original
last chance to get Amazon gift card FREE,spam,original
"Honestly, you have no idea what you're talking about Do everyone a favor and be quiet.",toxic,augmented:toxic
"you've been selected for a FREE tablet Hurry, only 3 left! — reply YES to claim",spam,original
"Look, you clearly have absolutely  zero brains Nobody asked you.",toxic,original
get a 90% discount on PlayStation 5 Click the link to claim! (sent from a verified winner account),spam,original
Could you help me with machine learning? Would love to hear your thoughts.,safe,original
you've been selected for a FREE Samsung TV Click here NOW!!! — reply YES to claim,spam,original
"nobody likes you, genuinely  loser Nobody asked you.",toxic,original
crypto course giveaway — you are the lucky winner! Act now! — free shipping worldwide,spam,original
Just read a great article about machine learning Would love to hear your thoughts.,safe,original
buy Netflix account for just $1.99 Limited time offer! — no credit card required,spam,original
No offense but you are  an idiot Do everyone a favor and be quiet.,toxic,original
The project deadline has been moved to next Monday.,safe,original
Highly recommend checking out TypeScript if you haven't Have a good one!,safe,original
claim your FREE VPN subscription now! Don't miss out!!! — reply YES to claim,spam,original
claim your FREE MacBook Pro now! Claim before it's gone! — free shipping worldwide,spam,original
buy Netflix account for just $1.99 Click here NOW!!! — free shipping worldwide,spam,original
buy PlayStation 5 for just $1.99 — free shipping worldwide,spam,original
get a 90% discount on PlayStation 5 — no credit card required,spam,original
win a FREE gaming chair! Limited time offer! (sent from a verified winner account),spam,original
"Honestly, you are  pathetic Nobody asked you.",toxic,original
"To be frank, you are completely  worthless I have no respect for you.",toxic,original
buy tablet for just $1.99 Claim before it's gone!,spam,original
Can someone explain open source contributions to me? Thanks in advance!,safe,original
"Is unit testing worth learning this year? — no rush, whenever you have time",safe,original
"Seriously, you clearly have genuinely  zero brains",toxic,original
"Honestly, your work is  garbage Do everyone a favor and be quiet.",toxic,original
"Seriously, you sound completely  ridiculous Stop talking.",toxic,original
buy VPN subscription for just $1.99 Act now! — click bit.ly link,spam,original
wireless earbuds giveaway — you are the lucky winner! Click here NOW!!! (sent from a verified winner account),spam,original
buy iPhone for just $1.99 Limited time offer! (sent from a verified winner account),spam,original
"Honestly, you are  pathetic Go away.",toxic,original
"Seriously, your opinion is totally  worthless trash You always mess everything up.",toxic,original
Could you help me with hiking? Looking forward to your reply.,safe,original
exclusive deal: laptop for 95% OFF Offer expires today! — click bit.ly link,spam,original
"Seriously, you are absolutely  useless",toxic,original
you are  worthless Do everyone a favor and be quiet.,toxic,original
"win a FREE gaming chair! Hurry, only 3 left! (sent from a verified winner account)",spam,original
Where can I find good resources on chess? Thanks in advance!,safe,original
"Working on open source contributions this week, it's challenging but fun Thanks in advance!",safe,original
"Honestly, your opinion is totally  worthless trash You always mess everything up.",toxic,original
VPN subscription giveaway — you are the lucky winner! Claim before it's gone! — free shipping worldwide,spam,original
exclusive deal: smart watch for 95% OFF Don't miss out!!! — click bit.ly link,spam,original
What do you think about Docker? Looking forward to your reply.,safe,original
your opinion is genuinely  worthless trash Do everyone a favor and be quiet.,toxic,original
"laptop giveaway — you are the lucky winner! Hurry, only 3 left! — reply YES to claim",spam,original
that was absolutely  pathetic and sad Go away.,toxic,original
"Look, you are utterly  useless Stop talking.",toxic,original
I'm curious about time management (genuinely asking),safe,original
Does anyone have experience with career switching? Have a good one!,safe,original
exclusive deal: MacBook Pro for 95% OFF Act now! — no credit card required,spam,original
get a 90% discount on tablet 100% guaranteed!!! (sent from a verified winner account),spam,original
Where can I find good resources on hiking?,safe,original
claim your FREE drone now! 100% guaranteed!!!,spam,original
I'm curious about open source contributions Have a good one!,safe,original
"Honestly, your opinion is genuinely  worthless trash Nobody asked you.",toxic,original
that was completely  pathetic and sad,toxic,original
Can someone explain photography to me? Looking forward to your reply.,safe,original
get a 90% discount on VPN subscription Click here NOW!!!,spam,original
I'm curious about system design,safe,original
buy laptop for just $1.99 Limited time offer! — no credit card required,spam,original
"No offense but nobody likes you, genuinely  loser You always mess everything up.",toxic,original
crypto course giveaway — you are the lucky winner! Offer expires today! — reply YES to claim,spam,original
Amazing deal! Buy one get one FREE! Limited stock available!,spam,original
last chance to get camera FREE Click the link to claim! — free shipping worldwide,spam,original
you've been selected for a FREE tablet,spam,original
"Seriously, you are completely  useless Get lost.",toxic,original
buy smart watch for just $1.99 100% guaranteed!!!,spam,original
Any advice on time management? Cheers!,safe,original
get a 90% discount on MacBook Pro — no credit card required,spam,original
win a FREE crypto course! — free shipping worldwide,spam,original
"Honestly, you sound totally  ridiculous Go away.",toxic,original
"last chance to get Samsung TV FREE Hurry, only 3 left! — click bit.ly link",spam,original
"Look, your opinion is utterly  worthless trash Nobody asked you.",toxic,original
Could you help me with open source contributions? Thanks in advance!,safe,original
"Just read a great article about React — no rush, whenever you have time",safe,original
No offense but your opinion is utterly  worthless trash,toxic,original
"Look, you sound utterly  ridiculous Nobody asked you.",toxic,original
What do you think about cooking pasta? Have a good one!,safe,original
get a 90% discount on VPN subscription Act now!,spam,original
No offense but you are genuinely  useless Go away.,toxic,original
Any advice on cooking pasta? (genuinely asking),safe,original
"Highly recommend checking out machine learning if you haven't — no rush, whenever you have time",safe,original
"get a 90% discount on drone Hurry, only 3 left! — reply YES to claim",spam,original
"Slowly getting better at remote work, one day at a time — no rush, whenever you have time",safe,original
claim your FREE gaming chair now! Offer expires today!,spam,original
"Seriously, you are genuinely  clueless Stop talking.",toxic,original
Our team shipped a new Kubernetes feature yesterday,safe,original
"Seriously, nobody likes you,  loser Get lost.",toxic,original
Where can I find good resources on React? Would love to hear your thoughts.,safe,original
you clearly have genuinely  zero brains I have no respect for you.,toxic,original
"To be frank, you are utterly  useless I have no respect for you.",toxic,original
exclusive deal: crypto course for 95% OFF Claim before it's gone! — reply YES to claim,spam,original
iPhone giveaway — you are the lucky winner! Don't miss out!!! (sent from a verified winner account),spam,original
"Can someone explain TypeScript to me? — no rush, whenever you have time",safe,original
No offense but your opinion is utterly  worthless trash Nobody asked you.,toxic,original
exclusive deal: gaming chair for 95% OFF Limited time offer!,spam,original
you've been selected for a FREE smart watch Don't miss out!!! — free shipping worldwide,spam,original
"Look, you are completely  useless I have no respect for you.",toxic,original
Can someone explain open source contributions to me? (genuinely asking),safe,original
Could you help me with Kubernetes? (genuinely asking),safe,original
"Look, your work is absolutely  garbage Go away.",toxic,original
Just read a great article about Kubernetes,safe,original
Amazon gift card giveaway — you are the lucky winner! Don't miss out!!!,spam,original
get a 90% discount on crypto course Claim before it's gone! (sent from a verified winner account),spam,original
you've been selected for a FREE Netflix account 100% guaranteed!!! — reply YES to claim,spam,original
last chance to get Samsung TV FREE Act now! — reply YES to claim,spam,original
I'm curious about remote work Would love to hear your thoughts.,safe,original
"Honestly, your work is genuinely  garbage",toxic,original
Can someone explain career switching to me? Thanks in advance!,safe,original
I've been practicing photography for three months now Any input is welcome.,safe,original
Where can I find good resources on FastAPI? Would love to hear your thoughts.,safe,original
Any advice on Docker?,safe,original
Highly recommend checking out SQL optimization if you haven't (genuinely asking),safe,original
"Sharing my notes on FastAPI, hope they help someone (genuinely asking)",safe,original
Where can I find good resources on FastAPI? Cheers!,safe,original
win a FREE Amazon gift card! Act now!,spam,original
Our team shipped a new hiking feature yesterday Looking forward to your reply.,safe,original
"Where can I find good resources on time management? — no rush, whenever you have time",safe,original
Any advice on FastAPI? Looking forward to your reply.,safe,original
"The weather forecast says it will rain tomorrow, better bring an umbrella.",safe,original
get a 90% discount on crypto course Click the link to claim!,spam,original
No offense but you clearly have  zero brains I have no respect for you.,toxic,original
your opinion is totally  worthless trash Go away.,toxic,original
What do you think about unit testing? Would love to hear your thoughts.,safe,original
buy tablet for just $1.99 Offer expires today! — no credit card required,spam,original
"I finished the learning Spanish course today, feeling proud Have a good one!",safe,original
Does anyone have experience with TypeScript? Cheers!,safe,original
you've been selected for a FREE camera,spam,original
Could you help me with TypeScript?,safe,original
Is Docker worth learning this year?,safe,original
Could you help me with learning Spanish? Looking forward to your reply.,safe,original
"Look, you are completely  stupid",toxic,original
win a FREE PlayStation 5! Act now! — no credit card required,spam,original
win a FREE Samsung TV! 100% guaranteed!!! — free shipping worldwide,spam,original
claim your FREE tablet now! 100% guaranteed!!! — click bit.ly link,spam,original
"Honestly, you are completely  worthless Nobody asked you.",toxic,original
"Honestly, you are absolutely  worthless Get lost.",toxic,original
"Honestly, you sound  ridiculous",toxic,original
"Honestly, nobody likes you, absolutely  loser Go away.",toxic,original
you've been selected for a FREE gaming chair Offer expires today! (sent from a verified winner account),spam,original
claim your FREE Netflix account now! Click here NOW!!! — free shipping worldwide,spam,original
No offense but your work is  garbage Do everyone a favor and be quiet.,toxic,original
exclusive deal: drone for 95% OFF Click here NOW!!! — reply YES to claim,spam,original
last chance to get drone FREE 100% guaranteed!!! — no credit card required,spam,original
career switching keeps surprising me with new depths Cheers!,safe,original
No offense but that was absolutely  pathetic and sad,toxic,original
buy drone for just $1.99 Act now! (sent from a verified winner account),spam,original
get a 90% discount on MacBook Pro Limited time offer! — free shipping worldwide,spam,original
Where can I find good resources on Kubernetes? Thanks in advance!,safe,original
Just read a great article about hiking Would love to hear your thoughts.,safe,original
No offense but you sound totally  ridiculous Go away.,toxic,original
No offense but you are totally  pathetic,toxic,original
"To be frank, you clearly have utterly  zero brains You always mess everything up.",toxic,original
"exclusive deal: crypto course for 95% OFF Hurry, only 3 left! — reply YES to claim",spam,original
"Working on photography this week, it's challenging but fun Looking forward to your reply.",safe,original
buy Amazon gift card for just $1.99 Limited time offer!,spam,original
get a 90% discount on Amazon gift card — click bit.ly link,spam,original
"To be frank, you are completely  clueless Nobody asked you.",toxic,original
Could you please send me the report by Friday? Thank you.,safe,original
No offense but you are absolutely  pathetic,toxic,original
claim your FREE iPhone now! Limited time offer! (sent from a verified winner account),spam,original
Samsung TV giveaway — you are the lucky winner! Act now! — free shipping worldwide,spam,original
"Shut up you moron, you have no idea what you're talking about",toxic,original
Let's schedule a call next week to discuss the details.,safe,original
buy VPN subscription for just $1.99 100% guaranteed!!! — click bit.ly link,spam,original
"Honestly, your work is genuinely  garbage I have no respect for you.",toxic,original
No offense but your opinion is totally  worthless trash Nobody asked you.,toxic,original
"Seriously, your work is completely  garbage I have no respect for you.",toxic,original
"I finished the system design course today, feeling proud Thanks in advance!",safe,original
Can someone explain open source contributions to me? Looking forward to your reply.,safe,original
Samsung TV giveaway — you are the lucky winner!,spam,original
buy smart watch for just $1.99 Don't miss out!!! — free shipping worldwide,spam,original
"I'm curious about system design — no rush, whenever you have time",safe,original
"Honestly, you are utterly  useless",toxic,original
"To be frank, you are genuinely  clueless Do everyone a favor and be quiet.",toxic,original
No offense but you are totally  pathetic Stop talking.,toxic,original
I'm curious about FastAPI Cheers!,safe,original
last chance to get MacBook Pro FREE Claim before it's gone! — free shipping worldwide,spam,original
you are absolutely  stupid Stop talking.,toxic,original
last chance to get crypto course FREE — free shipping worldwide,spam,original
"buy drone for just $1.99 Hurry, only 3 left! — no credit card required",spam,original
last chance to get drone FREE Click here NOW!!! — free shipping worldwide,spam,original
you sound completely  ridiculous Stop talking.,toxic,original
Finally understood open source contributions after weeks of struggling Cheers!,safe,original
Does anyone have experience with hiking?,safe,original
"Seriously, you are absolutely  pathetic I have no respect for you.",toxic,original
What do you think about SQL optimization? Looking forward to your reply.,safe,original
"Sharing my notes on TypeScript, hope they help someone",safe,original
Can someone explain chess to me? Have a good one!,safe,original
I've been practicing Python for three months now Looking forward to your reply.,safe,original
Click here to download your free reward bonus prize!,spam,original
Where can I find good resources on SQL optimization? (genuinely asking),safe,original
last chance to get PlayStation 5 FREE Offer expires today!,spam,original
win a FREE wireless earbuds! Claim before it's gone! (sent from a verified winner account),spam,original
get a 90% discount on VPN subscription Limited time offer! — free shipping worldwide,spam,original
"system design keeps surprising me with new depths — no rush, whenever you have time",safe,original
"Slowly getting better at hiking, one day at a time — no rush, whenever you have time",safe,original
"Honestly, you sound  ridiculous Go away.",toxic,original
buy MacBook Pro for just $1.99 Don't miss out!!! — click bit.ly link,spam,original
Any advice on open source contributions? Cheers!,safe,original
tablet giveaway — you are the lucky winner! Offer expires today! — no credit card required,spam,original
buy wireless earbuds for just $1.99 Act now! — free shipping worldwide,spam,original
I've been practicing learning Spanish for three months now Thanks in advance!,safe,original
claim your FREE gaming chair now! Click here NOW!!!,spam,original
"To be frank, you are totally  pathetic Nobody asked you.",toxic,original
Does anyone have experience with career switching?,safe,original
claim your FREE wireless earbuds now! Click the link to claim! — free shipping worldwide,spam,original
"To be frank, you are  pathetic I have no respect for you.",toxic,original
Can someone explain chess to me? Any input is welcome.,safe,original
get a 90% discount on smart watch Act now! (sent from a verified winner account),spam,original
I'm curious about career switching Cheers!,safe,original
Incredible offer! Make money fast with this simple trick!,spam,original
open source contributions keeps surprising me with new depths,safe,augmented:safe
"Honestly, you are genuinely  stupid Nobody asked you.",toxic,original
last chance to get gaming chair FREE Limited time offer! — reply YES to claim,spam,original
No offense but you are utterly  pathetic I have no respect for you.,toxic,original
"Look, you are completely  worthless Go away.",toxic,original
Just read a great article about open source contributions Any input is welcome.,safe,original
exclusive deal: PlayStation 5 for 95% OFF Claim before it's gone! — click bit.ly link,spam,original
Does anyone have experience with Python? Cheers!,safe,original
get a 90% discount on crypto course 100% guaranteed!!! — click bit.ly link,spam,original
Highly recommend checking out TypeScript if you haven't (genuinely asking),safe,original
"To be frank, you are  useless Nobody asked you.",toxic,original
last chance to get smart watch FREE 100% guaranteed!!! — free shipping worldwide,spam,original
Our team shipped a new cooking pasta feature yesterday Looking forward to your reply.,safe,original
The meeting is scheduled for 3pm tomorrow in conference room B.,safe,original
claim your FREE MacBook Pro now! Claim before it's gone!,spam,original
I'm curious about SQL optimization Any input is welcome.,safe,original
Our team shipped a new public speaking feature yesterday (genuinely asking),safe,original
you are utterly  useless Get lost.,toxic,original
I'm curious about time management Any input is welcome.,safe,original
win a FREE gaming chair! — free shipping worldwide,spam,original
Any advice on public speaking? Have a good one!,safe,original
What do you think about career switching? Thanks in advance!,safe,original
No offense but that was completely  pathetic and sad Stop talking.,toxic,original
Can someone explain React to me? Looking forward to your reply.,safe,original
"Honestly, you are totally  stupid Get lost.",toxic,original
"To be frank, you are utterly  useless Nobody asked you.",toxic,original
buy smart watch for just $1.99 Click the link to claim! — reply YES to claim,spam,original
Lose weight fast! Miracle pill free trial! Doctors hate this!,spam,original
win a FREE tablet! Click the link to claim! (sent from a verified winner account),spam,original
Is remote work worth learning this year? Have a good one!,safe,original
win a FREE crypto course! Click here NOW!!! — free shipping worldwide,spam,original
"Seriously, you are utterly  stupid",toxic,original
last chance to get VPN subscription FREE (sent from a verified winner account),spam,original
Does anyone have experience with hiking? Thanks in advance!,safe,original
You're a worthless moron who contributes nothing,toxic,original
you are genuinely  useless Nobody asked you.,toxic,original
"Any advice on time management? — no rush, whenever you have time",safe,original
exclusive deal: MacBook Pro for 95% OFF Limited time offer! — click bit.ly link,spam,original
You are a complete moron for testing,toxic,original
What do you think about SQL optimization? Any input is welcome.,safe,original
What do you think about Docker? Would love to hear your thoughts.,safe,original
"Look, nobody likes you, totally  loser Get lost.",toxic,original
"I finished the Python course today, feeling proud Thanks in advance!",safe,original
wireless earbuds giveaway — you are the lucky winner! Limited time offer! (sent from a verified winner account),spam,original
"Seriously, you are utterly  worthless Nobody asked you.",toxic,original
get a 90% discount on iPhone Click here NOW!!! — click bit.ly link,spam,original
Does anyone have experience with machine learning? Any input is welcome.,safe,original
Finally understood cooking pasta after weeks of struggling Would love to hear your thoughts.,safe,original
claim your FREE MacBook Pro now! Limited time offer! — free shipping worldwide,spam,original
Can someone explain unit testing to me? Thanks in advance!,safe,original
"Seriously, nobody likes you, totally  loser Do everyone a favor and be quiet.",toxic,original
Is chess worth learning this year? (genuinely asking),safe,original
you clearly have absolutely  zero brains Get lost.,toxic,original
Finally understood open source contributions after weeks of struggling Would love to hear your thoughts.,safe,original
claim your FREE gaming chair now! Offer expires today! — reply YES to claim,spam,original
"Working on cooking pasta this week, it's challenging but fun Looking forward to your reply.",safe,original
you've been selected for a FREE Netflix account 100% guaranteed!!! (sent from a verified winner account),spam,original
Can someone explain FastAPI to me? Looking forward to your reply.,safe,original
Welcome to the team! We're excited to have you on board.,safe,original
"Look, you are totally  clueless Do everyone a favor and be quiet.",toxic,original
"What do you think about React? — no rush, whenever you have time",safe,original
you've been selected for a FREE VPN subscription Limited time offer! — reply YES to claim,spam,original
"Seriously, your opinion is absolutely  worthless trash I have no respect for you.",toxic,original
Can someone explain unit testing to me? (genuinely asking),safe,original
"Look, you sound utterly  ridiculous Go away.",toxic,original
win a FREE VPN subscription! 100% guaranteed!!! — free shipping worldwide,spam,original
you've been selected for a FREE crypto course Click the link to claim!,spam,original
"get a 90% discount on crypto course Hurry, only 3 left!",spam,original
Is unit testing worth learning this year?,safe,original
"Slowly getting better at time management, one day at a time Would love to hear your thoughts.",safe,original
get a 90% discount on Samsung TV Act now! — reply YES to claim,spam,original
"To be frank, you are  an idiot",toxic,original
Highly recommend checking out React if you haven't Have a good one!,safe,original
"you've been selected for a FREE Samsung TV Hurry, only 3 left! — free shipping worldwide",spam,original
"Sharing my notes on photography, hope they help someone (genuinely asking)",safe,original
"Seriously, you are  worthless Unbelievable.",toxic,augmented:toxic
win a FREE camera! — click bit.ly link,spam,original
"Slowly getting better at SQL optimization, one day at a time Thanks in advance!",safe,original
Is machine learning worth learning this year? Have a good one!,safe,original
last chance to get laptop FREE 100% guaranteed!!! (sent from a verified winner account),spam,original
No offense but you are genuinely  clueless Stop talking.,toxic,original
What do you think about Kubernetes?,safe,original
VPN subscription giveaway — you are the lucky winner! Click the link to claim! — reply YES to claim,spam,original
get a 90% discount on wireless earbuds Limited time offer! (sent from a verified winner account),spam,original
"I finished the FastAPI course today, feeling proud",safe,original
get a 90% discount on Samsung TV Offer expires today! — reply YES to claim,spam,original
exclusive deal: PlayStation 5 for 95% OFF Limited time offer! — reply YES to claim,spam,original
"Sharing my notes on public speaking, hope they help someone Have a good one!",safe,original
Just read a great article about open source contributions Looking forward to your reply.,safe,original
No offense but you are utterly  clueless Nobody asked you.,toxic,original
win a FREE camera! Limited time offer! — reply YES to claim,spam,original
"Honestly, you are totally  worthless You always mess everything up.",toxic,original
"Honestly, your work is totally  garbage I have no respect for you.",toxic,original
No offense but your opinion is totally  worthless trash Get lost.,toxic,original
"Our team shipped a new open source contributions feature yesterday — no rush, whenever you have time",safe,original
"To be frank, you are completely  clueless Get lost.",toxic,original
buy laptop for just $1.99 Don't miss out!!! (sent from a verified winner account),spam,original
claim your FREE tablet now! — no credit card required,spam,original
I've been practicing SQL optimization for three months now Thanks in advance!,safe,original
"last chance to get tablet FREE Hurry, only 3 left!",spam,original
Could you help me with learning Spanish? Thanks in advance!,safe,original
Can someone explain public speaking to me? Any input is welcome.,safe,original
"Any advice on hiking? — no rush, whenever you have time",safe,original
smart watch giveaway — you are the lucky winner! Don't miss out!!! — no credit card required,spam,original
last chance to get Amazon gift card FREE 100% guaranteed!!!,spam,original
Could you help me with Kubernetes? Have a good one!,safe,original
system design keeps surprising me with new depths (genuinely asking),safe,original
you are absolutely  an idiot I have no respect for you.,toxic,original
"Honestly, you are genuinely  clueless",toxic,original
win a FREE Samsung TV! Offer expires today! — free shipping worldwide,spam,original
last chance to get camera FREE — reply YES to claim,spam,original
"To be frank, you are  pathetic Stop talking.",toxic,original
"To be frank, that was totally  pathetic and sad I have no respect for you.",toxic,original
"To be frank, you sound genuinely  ridiculous Get lost.",toxic,original
Our team shipped a new React feature yesterday Cheers!,safe,original
Highly recommend checking out React if you haven't Thanks in advance!,safe,augmented:safe
system design keeps surprising me with new depths Any input is welcome.,safe,original
exclusive deal: tablet for 95% OFF 100% guaranteed!!! (sent from a verified winner account),spam,original
I'm curious about photography (genuinely asking),safe,original
Is chess worth learning this year? Looking forward to your reply.,safe,original
"To be frank, you are utterly  worthless",toxic,original
What do you think about time management? Have a good one!,safe,original
"Slowly getting better at unit testing, one day at a time (genuinely asking)",safe,original
last chance to get PlayStation 5 FREE Don't miss out!!! — free shipping worldwide,spam,original
"Seriously, you are completely  clueless Get lost.",toxic,original
that was totally  pathetic and sad You always mess everything up.,toxic,original
"To be frank, you are utterly  an idiot Get lost.",toxic,original
get a 90% discount on smart watch Don't miss out!!! — reply YES to claim,spam,original
get a 90% discount on iPhone 100% guaranteed!!!,spam,original
"Slowly getting better at Python, one day at a time Looking forward to your reply.",safe,original
win a FREE Netflix account! Click here NOW!!!,spam,original
win a FREE laptop! Click the link to claim! (sent from a verified winner account),spam,original
your opinion is completely  worthless trash Nobody asked you.,toxic,original
I've been practicing photography for three months now Thanks in advance!,safe,original
I'm curious about machine learning,safe,original
Does anyone have experience with system design? Looking forward to your reply.,safe,original
exclusive deal: camera for 95% OFF Claim before it's gone! — reply YES to claim,spam,original
you are  useless,toxic,original
"Working on SQL optimization this week, it's challenging but fun (genuinely asking)",safe,original
"Honestly, you are utterly  an idiot Stop talking.",toxic,original
claim your FREE tablet now! Act now! — reply YES to claim,spam,original
Can someone explain Python to me? Would love to hear your thoughts.,safe,original
you've been selected for a FREE MacBook Pro Claim before it's gone! — reply YES to claim,spam,original
"Any advice on machine learning? — no rush, whenever you have time",safe,original
win a FREE drone! Click the link to claim! — reply YES to claim,spam,original
win a FREE smart watch! Act now! — reply YES to claim,spam,original
Finally understood system design after weeks of struggling Would love to hear your thoughts.,safe,original
"nobody likes you,  loser You always mess everything up.",toxic,original
"Slowly getting better at SQL optimization, one day at a time",safe,original
buy Netflix account for just $1.99 Claim before it's gone! (sent from a verified winner account),spam,original
"Honestly, your work is genuinely  garbage Get lost.",toxic,original
claim your FREE iPhone now! Limited time offer! — click bit.ly link,spam,original
I completely agree with your analysis. Well done!,safe,original
you've been selected for a FREE PlayStation 5 Click the link to claim! (sent from a verified winner account),spam,original
"Sharing my notes on time management, hope they help someone (genuinely asking)",safe,original
Where can I find good resources on photography? (genuinely asking),safe,augmented:safe
you've been selected for a FREE tablet Claim before it's gone!,spam,original
Just read a great article about system design Any input is welcome.,safe,original
"Seriously, nobody likes you, genuinely  loser Stop talking.",toxic,original
No offense but you are utterly  an idiot,toxic,original
This is a perfectly safe message for testing,safe,original
"Look, you clearly have completely  zero brains",toxic,original
Could you help me with unit testing?,safe,original
"Working on machine learning this week, it's challenging but fun",safe,original
last chance to get crypto course FREE Claim before it's gone! — no credit card required,spam,original
you've been selected for a FREE camera Claim before it's gone! (sent from a verified winner account),spam,original
get a 90% discount on wireless earbuds Click the link to claim! — reply YES to claim,spam,original
last chance to get Amazon gift card FREE Claim before it's gone! — free shipping worldwide,spam,original
"Sharing my notes on FastAPI, hope they help someone Cheers!",safe,original
"Look, your work is totally  garbage Go away.",toxic,original
What do you think about career switching? (genuinely asking),safe,original
"Working on chess this week, it's challenging but fun (genuinely asking)",safe,original
claim your FREE VPN subscription now! Don't miss out!!! — no credit card required,spam,original
"get a 90% discount on gaming chair Hurry, only 3 left! — no credit card required",spam,original
that was  pathetic and sad Nobody asked you.,toxic,original
Where can I find good resources on public speaking? (genuinely asking),safe,original
you are totally  worthless,toxic,original
"Where can I find good resources on learning Spanish? — no rush, whenever you have time",safe,original
No offense but you sound utterly  ridiculous Get lost.,toxic,original
"Look, your work is completely  garbage I have no respect for you.",toxic,original
I've been practicing cooking pasta for three months now (genuinely asking),safe,original
Highly recommend checking out machine learning if you haven't Thanks in advance!,safe,original
No offense but you are  useless I have no respect for you.,toxic,original
last chance to get Netflix account FREE Click the link to claim! — click bit.ly link,spam,original
"last chance to get PlayStation 5 FREE Hurry, only 3 left! — no credit card required",spam,original
Finally understood public speaking after weeks of struggling,safe,original
"I'm having trouble with this code, can someone point me in the right direction?",safe,original
"Working on open source contributions this week, it's challenging but fun Would love to hear your thoughts.",safe,original
get a 90% discount on iPhone Offer expires today! — reply YES to claim,spam,original
I'm curious about React Looking forward to your reply.,safe,original
"buy VPN subscription for just $1.99 Hurry, only 3 left!",spam,original
Can someone explain machine learning to me? Have a good one!,safe,original
get a 90% discount on wireless earbuds (sent from a verified winner account),spam,original
Just read a great article about photography Thanks in advance!,safe,original
Could you help me with React? Any input is welcome.,safe,original
BEST DEAL EVER! Discount code inside. Buy now and save big!,spam,original
get a 90% discount on VPN subscription Offer expires today! — no credit card required,spam,original
last chance to get drone FREE Act now! — free shipping worldwide,spam,original
MacBook Pro giveaway — you are the lucky winner! Click here NOW!!!,spam,original
"Is Docker worth learning this year? — no rush, whenever you have time",safe,original
Does anyone have experience with system design? Thanks in advance!,safe,original
camera giveaway — you are the lucky winner! 100% guaranteed!!!,spam,original
win a FREE wireless earbuds! Limited time offer! — reply YES to claim,spam,original
camera giveaway — you are the lucky winner! Don't miss out!!! (sent from a verified winner account),spam,original
"claim your FREE tablet now! Hurry, only 3 left! — no credit card required",spam,original
SQL optimization keeps surprising me with new depths Have a good one!,safe,original
Does anyone have experience with cooking pasta? (genuinely asking),safe,original
Any advice on React? Would love to hear your thoughts.,safe,original
"Long time no see, hope you're well",safe,original
Just read a great article about SQL optimization Looking forward to your reply.,safe,original
"Look, you are completely  useless Do everyone a favor and be quiet.",toxic,original
Can someone explain SQL optimization to me? Cheers!,safe,original
Congratulations! You are our lucky winner. Click to claim your reward.,spam,original
claim your FREE crypto course now! 100% guaranteed!!! (sent from a verified winner account),spam,original
last chance to get Amazon gift card FREE Limited time offer! — free shipping worldwide,spam,original
"Honestly, nobody likes you, utterly  loser I have no respect for you.",toxic,original
"get a 90% discount on wireless earbuds Hurry, only 3 left! — free shipping worldwide",spam,original
"I finished the Python course today, feeling proud",safe,original
"To be frank, you are totally  stupid You always mess everything up.",toxic,original
Our team shipped a new hiking feature yesterday (genuinely asking),safe,original
Our team shipped a new Kubernetes feature yesterday (genuinely asking),safe,original
Does anyone have experience with unit testing? Have a good one!,safe,original
Just read a great article about remote work,safe,original
"Sharing my notes on unit testing, hope they help someone Looking forward to your reply.",safe,original
Good morning everyone,safe,original
"Look, nobody likes you, genuinely  loser Go away.",toxic,original
wireless earbuds giveaway — you are the lucky winner! Limited time offer! — click bit.ly link,spam,original
you've been selected for a FREE laptop Don't miss out!!!,spam,original
I'm curious about chess Thanks in advance!,safe,original
"Look, stop embarrassing yourself Seriously.",toxic,augmented:toxic
you've been selected for a FREE MacBook Pro Don't miss out!!!,spam,original
No offense but you are genuinely  worthless,toxic,original
you've been selected for a FREE gaming chair 100% guaranteed!!! — free shipping worldwide,spam,original
get a 90% discount on VPN subscription Click here NOW!!! (sent from a verified winner account),spam,original
"Working on chess this week, it's challenging but fun Cheers!",safe,original
Is time management worth learning this year?,safe,original
What do you think about remote work?,safe,original
Can someone explain system design to me? Any input is welcome.,safe,original
I'm curious about chess Any input is welcome.,safe,original
"To be frank, you clearly have totally  zero brains Do everyone a favor and be quiet.",toxic,original
you are  an idiot Get lost.,toxic,original
claim your FREE Netflix account now! 100% guaranteed!!!,spam,original
claim your FREE VPN subscription now! Click the link to claim! — click bit.ly link,spam,original
Where can I find good resources on unit testing? Have a good one!,safe,original
last chance to get MacBook Pro FREE Click here NOW!!! (sent from a verified winner account),spam,original
win a FREE camera! Claim before it's gone! — click bit.ly link,spam,original
last chance to get laptop FREE Offer expires today! — reply YES to claim,spam,original
"To be frank, you are absolutely  clueless Stop talking.",toxic,original
Samsung TV giveaway — you are the lucky winner! — no credit card required,spam,original
"Look, you are absolutely  useless Stop talking.",toxic,original
win a FREE Amazon gift card! Limited time offer!,spam,original
"I finished the remote work course today, feeling proud Thanks in advance!",safe,original
last chance to get Netflix account FREE Don't miss out!!! — no credit card required,spam,original
buy wireless earbuds for just $1.99 Don't miss out!!!,spam,original
you've been selected for a FREE Netflix account Limited time offer! — free shipping worldwide,spam,original
exclusive deal: PlayStation 5 for 95% OFF Offer expires today! — no credit card required,spam,original
exclusive deal: gaming chair for 95% OFF Act now! — no credit card required,spam,original
"Honestly, you are absolutely  pathetic",toxic,original
last chance to get Netflix account FREE Limited time offer! — click bit.ly link,spam,original
Does anyone have experience with photography? Looking forward to your reply.,safe,original
get a 90% discount on camera Click the link to claim!,spam,original
get a 90% discount on Samsung TV — click bit.ly link,spam,original
"No offense but nobody likes you, completely  loser Stop talking.",toxic,original
"Sharing my notes on Docker, hope they help someone — no rush, whenever you have time",safe,original
exclusive deal: MacBook Pro for 95% OFF 100% guaranteed!!! — click bit.ly link,spam,original
"Look, you are utterly  worthless Do everyone a favor and be quiet.",toxic,original
You're today's lucky winner! Claim your free reward now!,spam,original
claim your FREE Samsung TV now! Limited time offer! — reply YES to claim,spam,original
last chance to get tablet FREE Click here NOW!!! — free shipping worldwide,spam,original
"To be frank, you are completely  an idiot Get lost.",toxic,original
you are genuinely  stupid Nobody asked you.,toxic,original
Highly recommend checking out machine learning if you haven't Looking forward to your reply.,safe,original
"Seriously, your work is  garbage Do everyone a favor and be quiet.",toxic,original
buy VPN subscription for just $1.99 100% guaranteed!!!,spam,original
crypto course giveaway — you are the lucky winner! Act now! (sent from a verified winner account),spam,original
you've been selected for a FREE laptop Click the link to claim! (sent from a verified winner account),spam,original
Finally understood cooking pasta after weeks of struggling Cheers!,safe,original
"you've been selected for a FREE gaming chair Hurry, only 3 left! — no credit card required",spam,original
claim your FREE MacBook Pro now! Limited time offer! — no credit card required,spam,original
"I'm curious about Docker — no rush, whenever you have time",safe,original
"Honestly, you sound completely  ridiculous You always mess everything up.",toxic,original
exclusive deal: gaming chair for 95% OFF Click here NOW!!! — free shipping worldwide,spam,original
get a 90% discount on crypto course Click here NOW!!!,spam,original
"I finished the system design course today, feeling proud Would love to hear your thoughts.",safe,original
"Hello, how are you?",safe,original
"Thanks for organizing this, it was a very productive session.",safe,original
you are absolutely  clueless Nobody asked you.,toxic,original
"Sharing my notes on machine learning, hope they help someone (genuinely asking)",safe,original
Does anyone have experience with React? (genuinely asking),safe,original
"Sharing my notes on learning Spanish, hope they help someone",safe,original
"The presentation went really well, the clients seemed impressed.",safe,original
"Look, your work is  garbage Get lost.",toxic,original
smart watch giveaway — you are the lucky winner! 100% guaranteed!!! — no credit card required,spam,original
exclusive deal: tablet for 95% OFF Act now! — click bit.ly link,spam,original
"Just read a great article about chess — no rush, whenever you have time",safe,original
buy gaming chair for just $1.99 Offer expires today! (sent from a verified winner account),spam,original
"Can someone explain hiking to me? — no rush, whenever you have time",safe,original
buy gaming chair for just $1.99 Offer expires today! — click bit.ly link,spam,original
gaming chair giveaway — you are the lucky winner! Click here NOW!!! — click bit.ly link,spam,original
What do you think about TypeScript? Have a good one!,safe,original
last chance to get drone FREE Offer expires today! — free shipping worldwide,spam,original
"Look, your work is totally  garbage",toxic,original
Free gift card giveaway! Limited spots! Act now and win!,spam,original
"Honestly, you are  worthless Do everyone a favor and be quiet.",toxic,original
No offense but you are absolutely  clueless Get lost.,toxic,original
"Slowly getting better at FastAPI, one day at a time Looking forward to your reply.",safe,original
buy camera for just $1.99 — no credit card required,spam,original
get a 90% discount on iPhone Act now! (sent from a verified winner account),spam,original
this is the completely  dumbest thing I have ever read You always mess everything up.,toxic,augmented:toxic
get a 90% discount on iPhone 100% guaranteed!!! — free shipping worldwide,spam,original
laptop giveaway — you are the lucky winner! Limited time offer! — reply YES to claim,spam,original
system design keeps surprising me with new depths Would love to hear your thoughts.,safe,original
"Slowly getting better at time management, one day at a time Cheers!",safe,original
I've been practicing machine learning for three months now,safe,original
Our team shipped a new unit testing feature yesterday Would love to hear your thoughts.,safe,original
you are absolutely  clueless Stop talking.,toxic,original
you've been selected for a FREE wireless earbuds Act now! — click bit.ly link,spam,original
"No offense but nobody likes you,  loser Stop talking.",toxic,original
Incremental test example unique text,safe,original
you clearly have  zero brains,toxic,original
Finally understood unit testing after weeks of struggling Would love to hear your thoughts.,safe,original
Could you help me with career switching?,safe,original
get a 90% discount on MacBook Pro Limited time offer!,spam,original
you've been selected for a FREE wireless earbuds Limited time offer! (sent from a verified winner account),spam,original
Is open source contributions worth learning this year?,safe,original
"Sharing my notes on hiking, hope they help someone Would love to hear your thoughts.",safe,original
"Working on time management this week, it's challenging but fun (genuinely asking)",safe,original
Finally understood Docker after weeks of struggling Any input is welcome.,safe,original
you are totally  clueless Nobody asked you.,toxic,original
Can someone explain SQL optimization to me?,safe,original
Finally understood SQL optimization after weeks of struggling (genuinely asking),safe,original
Where can I find good resources on machine learning?,safe,original
"Honestly, your opinion is  worthless trash Stop talking.",toxic,original
you are  pathetic I have no respect for you.,toxic,original
Could you help me with remote work? Cheers!,safe,original
buy PlayStation 5 for just $1.99 Click here NOW!!! — free shipping worldwide,spam,original
"Look, you sound utterly  ridiculous Do everyone a favor and be quiet.",toxic,original
"Working on cooking pasta this week, it's challenging but fun Any input is welcome.",safe,original
PlayStation 5 giveaway — you are the lucky winner! Click here NOW!!! — click bit.ly link,spam,original
exclusive deal: crypto course for 95% OFF Click the link to claim! — no credit card required,spam,original
win a FREE PlayStation 5! Don't miss out!!! — reply YES to claim,spam,original
"buy gaming chair for just $1.99 Hurry, only 3 left! — no credit card required",spam,original
Finally understood SQL optimization after weeks of struggling,safe,original
Could you help me with time management? Any input is welcome.,safe,original
"To be frank, you are  an idiot Get lost.",toxic,original
"Look, your opinion is  worthless trash Get lost.",toxic,original
Could you help me with Kubernetes?,safe,original
buy PlayStation 5 for just $1.99 Click the link to claim!,spam,original
"Sharing my notes on career switching, hope they help someone Would love to hear your thoughts.",safe,original
buy gaming chair for just $1.99 Act now! — reply YES to claim,spam,original
exclusive deal: smart watch for 95% OFF Click the link to claim!,spam,original
get a 90% discount on Amazon gift card Click here NOW!!! — free shipping worldwide,spam,original
I've been practicing learning Spanish for three months now Cheers!,safe,original
"Look, you clearly have  zero brains Do everyone a favor and be quiet.",toxic,original
you are totally  clueless You always mess everything up.,toxic,original
"exclusive deal: gaming chair for 95% OFF Hurry, only 3 left! — free shipping worldwide",spam,original
"Seriously, nobody likes you, utterly  loser Go away.",toxic,original
"Finally understood public speaking after weeks of struggling — no rush, whenever you have time",safe,original
Finally understood career switching after weeks of struggling Thanks in advance!,safe,original
exclusive deal: PlayStation 5 for 95% OFF Offer expires today!,spam,original
"Honestly, you are  an idiot",toxic,original
this is the utterly  dumbest thing I have ever read Do everyone a favor and be quiet.,toxic,augmented:toxic
wireless earbuds giveaway — you are the lucky winner! Click the link to claim!,spam,original
"Seriously, you clearly have totally  zero brains You always mess everything up.",toxic,original
buy VPN subscription for just $1.99 Act now! — reply YES to claim,spam,original
TypeScript keeps surprising me with new depths Thanks in advance!,safe,original
Highly recommend checking out SQL optimization if you haven't Have a good one!,safe,original
Just read a great article about FastAPI Looking forward to your reply.,safe,original
No offense but you are absolutely  clueless You always mess everything up.,toxic,original
claim your FREE gaming chair now! Click the link to claim! — free shipping worldwide,spam,original
"Look, you are totally  worthless You always mess everything up.",toxic,original
Just read a great article about remote work Would love to hear your thoughts.,safe,original
Just read a great article about photography Looking forward to your reply.,safe,original
claim your FREE PlayStation 5 now! 100% guaranteed!!! — free shipping worldwide,spam,original
"Seriously, you are totally  useless Stop talking.",toxic,original
claim your FREE Amazon gift card now! 100% guaranteed!!! — reply YES to claim,spam,original
Can someone explain time management to me? Any input is welcome.,safe,original
exclusive deal: crypto course for 95% OFF Offer expires today! (sent from a verified winner account),spam,original
No offense but you are  worthless Do everyone a favor and be quiet.,toxic,original
No offense but your opinion is utterly  worthless trash Get lost.,toxic,original
No offense but you are genuinely  an idiot Nobody asked you.,toxic,original
"I finished the time management course today, feeling proud Looking forward to your reply.",safe,original
"Seriously, you clearly have absolutely  zero brains You always mess everything up.",toxic,original
tablet giveaway — you are the lucky winner! Act now!,spam,original
get a 90% discount on crypto course Limited time offer!,spam,original
you've been selected for a FREE Netflix account Don't miss out!!! — click bit.ly link,spam,original
No offense but you clearly have utterly  zero brains Get lost.,toxic,original
"last chance to get laptop FREE Hurry, only 3 left! — reply YES to claim",spam,original
your work is  garbage Nobody asked you.,toxic,original
No offense but your opinion is genuinely  worthless trash Do everyone a favor and be quiet.,toxic,original
What do you think about system design? (genuinely asking),safe,original
"Seriously, your opinion is absolutely  worthless trash You always mess everything up.",toxic,original
I'm curious about system design Have a good one!,safe,original
you are totally  pathetic Stop talking.,toxic,original
No offense but you are utterly  worthless You always mess everything up.,toxic,original
Where can I find good resources on unit testing? Any input is welcome.,safe,original
"To be frank, you are genuinely  pathetic Do everyone a favor and be quiet.",toxic,original
"claim your FREE smart watch now! Hurry, only 3 left! — click bit.ly link",spam,original
"To be frank, you sound totally  ridiculous Get lost.",toxic,original
Any advice on Python? Any input is welcome.,safe,original
buy Samsung TV for just $1.99 — reply YES to claim,spam,original
claim your FREE Samsung TV now! 100% guaranteed!!! (sent from a verified winner account),spam,original
get a 90% discount on wireless earbuds Click here NOW!!! — free shipping worldwide,spam,original
"Working on photography this week, it's challenging but fun — no rush, whenever you have time",safe,original
exclusive deal: iPhone for 95% OFF Offer expires today! — reply YES to claim,spam,original
"nobody likes you, utterly  loser Go away.",toxic,original
"Look, your work is absolutely  garbage Get lost.",toxic,original
React keeps surprising me with new depths Looking forward to your reply.,safe,original
claim your FREE Netflix account now! Don't miss out!!! — no credit card required,spam,original
get a 90% discount on wireless earbuds Don't miss out!!! — free shipping worldwide,spam,original
Is open source contributions worth learning this year? Thanks in advance!,safe,original
you've been selected for a FREE Netflix account Click here NOW!!! — free shipping worldwide,spam,original
"Sharing my notes on hiking, hope they help someone Looking forward to your reply.",safe,original
"I finished the chess course today, feeling proud Cheers!",safe,original
last chance to get smart watch FREE Act now! — click bit.ly link,spam,original
"Slowly getting better at SQL optimization, one day at a time Any input is welcome.",safe,original
"Working on chess this week, it's challenging but fun",safe,original
"Honestly, you are totally  clueless Stop talking.",toxic,original
you've been selected for a FREE drone — reply YES to claim,spam,original
What do you think about system design?,safe,original
"Look, that was totally  pathetic and sad Get lost.",toxic,original
I've been practicing TypeScript for three months now Any input is welcome.,safe,original
"I finished the learning Spanish course today, feeling proud",safe,original
"Seriously, you are absolutely  worthless Go away.",toxic,original
"Working on remote work this week, it's challenging but fun Would love to hear your thoughts.",safe,original
last chance to get camera FREE Claim before it's gone! — reply YES to claim,spam,original
you've been selected for a FREE drone 100% guaranteed!!! — free shipping worldwide,spam,original
"To be frank, you are absolutely  clueless Nobody asked you.",toxic,original
Can someone explain hiking to me?,safe,original
"Seriously, you sound absolutely  ridiculous Go away.",toxic,original
"get a 90% discount on Netflix account Hurry, only 3 left!",spam,original
"Look, your opinion is genuinely  worthless trash Do everyone a favor and be quiet.",toxic,original
Can someone explain career switching to me? Any input is welcome.,safe,original
"Honestly, you are genuinely  stupid Go away.",toxic,original
No offense but you are absolutely  useless Go away.,toxic,original
get a 90% discount on Amazon gift card Limited time offer! (sent from a verified winner account),spam,original
last chance to get PlayStation 5 FREE Limited time offer! — reply YES to claim,spam,original
"Sharing my notes on photography, hope they help someone Cheers!",safe,original
"To be frank, nobody likes you, utterly  loser Get lost.",toxic,original
"Sharing my notes on photography, hope they help someone Thanks in advance!",safe,original
Finally understood career switching after weeks of struggling Have a good one!,safe,original
claim your FREE Netflix account now! Offer expires today! — click bit.ly link,spam,original
No offense but you are  pathetic I have no respect for you.,toxic,original
I'm curious about system design (genuinely asking),safe,original
The package arrived earlier than expected. Great service!,safe,original
"To be frank, you are genuinely  useless I have no respect for you.",toxic,original
"Seriously, your work is totally  garbage Go away.",toxic,original
"Working on FastAPI this week, it's challenging but fun Have a good one!",safe,original
Any advice on remote work? (genuinely asking),safe,original
"Honestly, you are utterly  pathetic Nobody asked you.",toxic,original
Could you help me with Docker? Thanks in advance!,safe,original
you've been selected for a FREE PlayStation 5 Click the link to claim! — no credit card required,spam,original
"Honestly, you are genuinely  clueless I have no respect for you.",toxic,original
you clearly have genuinely  zero brains Go away.,toxic,original
"Slowly getting better at chess, one day at a time Any input is welcome.",safe,original
win a FREE gaming chair! Click the link to claim! — reply YES to claim,spam,original
"Working on open source contributions this week, it's challenging but fun (genuinely asking)",safe,original
No offense but you sound totally  ridiculous Nobody asked you.,toxic,original
win a FREE camera! Don't miss out!!! — click bit.ly link,spam,original
Where can I find good resources on SQL optimization? Thanks in advance!,safe,original
"you've been selected for a FREE VPN subscription Hurry, only 3 left! — reply YES to claim",spam,original
"Look, you are totally  useless",toxic,original
Does anyone have experience with public speaking? Looking forward to your reply.,safe,original
you are totally  stupid,toxic,augmented:toxic
Can someone explain Python to me? Thanks in advance!,safe,original
What a braindead take. You must be genuinely stupid.,toxic,original
exclusive deal: crypto course for 95% OFF Offer expires today! — click bit.ly link,spam,original
last chance to get tablet FREE 100% guaranteed!!! — free shipping worldwide,spam,original
"get a 90% discount on MacBook Pro Hurry, only 3 left!",spam,original
No offense but you sound genuinely  ridiculous Go away.,toxic,original
remote work keeps surprising me with new depths Cheers!,safe,original
"Honestly, you clearly have genuinely  zero brains Nobody asked you.",toxic,original
last chance to get gaming chair FREE Click here NOW!!!,spam,original
"Look, shut up already, nobody cares what you think",toxic,augmented:toxic
I'm curious about React,safe,original
"Working on SQL optimization this week, it's challenging but fun",safe,original
"I finished the Kubernetes course today, feeling proud Would love to hear your thoughts.",safe,original
Thanks for the update,safe,original
"Working on machine learning this week, it's challenging but fun Looking forward to your reply.",safe,original
"Slowly getting better at FastAPI, one day at a time — no rush, whenever you have time",safe,original
"Seriously, nobody likes you, absolutely  loser I have no respect for you.",toxic,original
Any advice on career switching? Any input is welcome.,safe,original
"Working on machine learning this week, it's challenging but fun Cheers!",safe,original
What do you think about learning Spanish? Cheers!,safe,original
"nobody likes you, absolutely  loser Do everyone a favor and be quiet.",toxic,original
you sound absolutely  ridiculous Do everyone a favor and be quiet.,toxic,original
What do you think about chess?,safe,original
your work is utterly  garbage,toxic,original
No offense but you are utterly  worthless Go away.,toxic,original
"Honestly, you are absolutely  stupid Nobody asked you.",toxic,original
No offense but you clearly have  zero brains You always mess everything up.,toxic,original
exclusive deal: tablet for 95% OFF Limited time offer! — no credit card required,spam,original
exclusive deal: PlayStation 5 for 95% OFF Click the link to claim!,spam,original
"Look, you are absolutely  worthless Stop talking.",toxic,original
Finally understood remote work after weeks of struggling (genuinely asking),safe,original
claim your FREE wireless earbuds now! Don't miss out!!! — reply YES to claim,spam,original
get a 90% discount on drone Click the link to claim! — reply YES to claim,spam,original
get a 90% discount on Amazon gift card Limited time offer!,spam,original
"Honestly, you are utterly  useless You always mess everything up.",toxic,original
"I finished the SQL optimization course today, feeling proud Looking forward to your reply.",safe,original
"Sharing my notes on remote work, hope they help someone",safe,original
What do you think about remote work? Looking forward to your reply.,safe,original
"Look, you are  worthless Stop talking.",toxic,original
buy Netflix account for just $1.99 Click the link to claim! (sent from a verified winner account),spam,original
claim your FREE laptop now! Offer expires today! — no credit card required,spam,original
"Sharing my notes on career switching, hope they help someone Looking forward to your reply.",safe,original
get a 90% discount on VPN subscription Click the link to claim! — click bit.ly link,spam,original
get a 90% discount on smart watch Offer expires today! — reply YES to claim,spam,original
claim your FREE wireless earbuds now! 100% guaranteed!!! — reply YES to claim,spam,original
last chance to get wireless earbuds FREE Click here NOW!!! — no credit card required,spam,original
"I've been practicing Python for three months now — no rush, whenever you have time",safe,original
What do you think about hiking? Looking forward to your reply.,safe,original
"To be frank, you are  worthless Get lost.",toxic,original
wireless earbuds giveaway — you are the lucky winner! Click the link to claim! — click bit.ly link,spam,original
buy drone for just $1.99 Limited time offer!,spam,original
"Seriously, your work is absolutely  garbage Stop talking.",toxic,original
you've been selected for a FREE smart watch Offer expires today! — no credit card required,spam,original
Highly recommend checking out unit testing if you haven't Cheers!,safe,original
exclusive deal: MacBook Pro for 95% OFF Don't miss out!!! (sent from a verified winner account),spam,original
I'm curious about learning Spanish,safe,original
"Could you help me with learning Spanish? — no rush, whenever you have time",safe,original
your opinion is completely  worthless trash I have no respect for you.,toxic,original
career switching keeps surprising me with new depths Thanks in advance!,safe,original
you've been selected for a FREE wireless earbuds — reply YES to claim,spam,original
exclusive deal: tablet for 95% OFF,spam,original
"you've been selected for a FREE wireless earbuds Hurry, only 3 left! — free shipping worldwide",spam,original
"Our team shipped a new SQL optimization feature yesterday — no rush, whenever you have time",safe,original
you clearly have completely  zero brains Nobody asked you.,toxic,original
I'm curious about system design Any input is welcome.,safe,original
"Sharing my notes on remote work, hope they help someone Cheers!",safe,original
"I finished the React course today, feeling proud Have a good one!",safe,original
"Honestly, you are totally  useless Nobody asked you.",toxic,original
"last chance to get Netflix account FREE Hurry, only 3 left! — free shipping worldwide",spam,original
Does anyone have experience with career switching? Thanks in advance!,safe,original
you've been selected for a FREE iPhone Click here NOW!!! — free shipping worldwide,spam,original
Does anyone have experience with learning Spanish? Have a good one!,safe,original
No offense but you are genuinely  useless Do everyone a favor and be quiet.,toxic,original
"Honestly, you clearly have utterly  zero brains Do everyone a favor and be quiet.",toxic,original
No offense but that was totally  pathetic and sad I have no respect for you.,toxic,original
Finally understood chess after weeks of struggling,safe,original
Can someone explain remote work to me? Looking forward to your reply.,safe,augmented:safe
"Honestly, that was completely  pathetic and sad Stop talking.",toxic,original
Any advice on React? Looking forward to your reply.,safe,original
What do you think about React? Looking forward to your reply.,safe,original
crypto course giveaway — you are the lucky winner! Limited time offer! — free shipping worldwide,spam,original
Any advice on remote work? Thanks in advance!,safe,original
"Look, nobody likes you, absolutely  loser Do everyone a favor and be quiet.",toxic,original
I've been practicing Docker for three months now Would love to hear your thoughts.,safe,original
Our team shipped a new TypeScript feature yesterday Have a good one!,safe,original
exclusive deal: MacBook Pro for 95% OFF Click the link to claim!,spam,original
chess keeps surprising me with new depths Would love to hear your thoughts.,safe,original
last chance to get MacBook Pro FREE Claim before it's gone! — reply YES to claim,spam,original
smart watch giveaway — you are the lucky winner! Click here NOW!!! — reply YES to claim,spam,original
"Look, you are completely  an idiot Nobody asked you.",toxic,original
win a FREE iPhone! Limited time offer!,spam,original
you clearly have totally  zero brains You always mess everything up.,toxic,original
claim your FREE MacBook Pro now! Click the link to claim! — reply YES to claim,spam,original
you've been selected for a FREE drone Click the link to claim!,spam,original
claim your FREE VPN subscription now! Claim before it's gone!,spam,original
Our team shipped a new unit testing feature yesterday Cheers!,safe,original
claim your FREE PlayStation 5 now! Offer expires today!,spam,original
"win a FREE Amazon gift card! Hurry, only 3 left! (sent from a verified winner account)",spam,original
"Look, you clearly have utterly  zero brains Nobody asked you.",toxic,original
iPhone giveaway — you are the lucky winner! Claim before it's gone! — no credit card required,spam,original
"To be frank, you clearly have utterly  zero brains Nobody asked you.",toxic,original
"What a dumb comment, you must be a freak",toxic,original
"Finally understood open source contributions after weeks of struggling — no rush, whenever you have time",safe,original
"I finished the React course today, feeling proud Would love to hear your thoughts.",safe,original
"To be frank, your work is absolutely  garbage I have no respect for you.",toxic,original
exclusive deal: wireless earbuds for 95% OFF — free shipping worldwide,spam,original
What do you think about open source contributions? Cheers!,safe,original
your opinion is totally  worthless trash Do everyone a favor and be quiet.,toxic,original
you are  worthless,toxic,original
"Look, your opinion is genuinely  worthless trash I have no respect for you.",toxic,original
Is chess worth learning this year? Have a good one!,safe,original
Finally understood FastAPI after weeks of struggling Looking forward to your reply.,safe,original
Can someone explain cooking pasta to me? (genuinely asking),safe,original
iPhone giveaway — you are the lucky winner! Click here NOW!!! — no credit card required,spam,original
"Look, you sound totally  ridiculous Nobody asked you.",toxic,original
"Honestly, you are genuinely  clueless Stop talking.",toxic,original
exclusive deal: wireless earbuds for 95% OFF Click here NOW!!! — free shipping worldwide,spam,original
smart watch giveaway — you are the lucky winner! Click the link to claim! — reply YES to claim,spam,original
Could you help me with career switching? Any input is welcome.,safe,original
"Seriously, your opinion is absolutely  worthless trash Nobody asked you.",toxic,original
No offense but you are  pathetic Get lost.,toxic,original
Our team shipped a new React feature yesterday (genuinely asking),safe,original
gaming chair giveaway — you are the lucky winner! 100% guaranteed!!!,spam,original
Our team shipped a new system design feature yesterday,safe,original
"Seriously, you sound utterly  ridiculous You always mess everything up.",toxic,original
you've been selected for a FREE MacBook Pro 100% guaranteed!!! (sent from a verified winner account),spam,original
"Can someone explain open source contributions to me? — no rush, whenever you have time",safe,augmented:safe
get a 90% discount on iPhone Claim before it's gone!,spam,original
"Honestly, you are utterly  an idiot",toxic,original
win a FREE camera! Limited time offer! — free shipping worldwide,spam,original
"Finally understood unit testing after weeks of struggling — no rush, whenever you have time",safe,original
"get a 90% discount on Amazon gift card Hurry, only 3 left! — click bit.ly link",spam,original
claim your FREE camera now! — reply YES to claim,spam,original
"Look, you sound genuinely  ridiculous I have no respect for you.",toxic,original
"buy Samsung TV for just $1.99 Hurry, only 3 left! — free shipping worldwide",spam,original
No offense but your opinion is absolutely  worthless trash You always mess everything up.,toxic,original
"buy iPhone for just $1.99 Hurry, only 3 left! — free shipping worldwide",spam,original
"Honestly, your opinion is utterly  worthless trash Do everyone a favor and be quiet.",toxic,original
exclusive deal: smart watch for 95% OFF,spam,original
you've been selected for a FREE tablet Offer expires today! — click bit.ly link,spam,original
you've been selected for a FREE VPN subscription Click here NOW!!! — click bit.ly link,spam,original
exclusive deal: wireless earbuds for 95% OFF,spam,original
No offense but you are absolutely  an idiot Nobody asked you.,toxic,original
Any advice on unit testing? Looking forward to your reply.,safe,original
URGENT: Your account has been compromised. Click here to verify.,spam,original
"Seriously, nobody likes you, absolutely  loser You always mess everything up.",toxic,original
"To be frank, you are genuinely  useless Do everyone a favor and be quiet.",toxic,original
"Working on time management this week, it's challenging but fun Thanks in advance!",safe,original
"Look, your work is  garbage You always mess everything up.",toxic,original
Does anyone have experience with React? Have a good one!,safe,original
"Honestly, nobody likes you,  loser",toxic,original
No offense but your opinion is  worthless trash,toxic,original
win a FREE drone! Click here NOW!!! — reply YES to claim,spam,original
claim your FREE drone now! Don't miss out!!! — click bit.ly link,spam,original
you've been selected for a FREE smart watch — no credit card required,spam,original
Highly recommend checking out career switching if you haven't (genuinely asking),safe,original
"Honestly, you sound absolutely  ridiculous Stop talking.",toxic,original
"The new update looks great, the UI is much cleaner now.",safe,original
"Highly recommend checking out photography if you haven't — no rush, whenever you have time",safe,original
Highly recommend checking out remote work if you haven't Any input is welcome.,safe,original
Can someone explain React to me? Cheers!,safe,original
"Honestly, you are  stupid Stop talking.",toxic,original
"I finished the cooking pasta course today, feeling proud Thanks in advance!",safe,original
Highly recommend checking out system design if you haven't Looking forward to your reply.,safe,original
exclusive deal: Netflix account for 95% OFF — reply YES to claim,spam,original
"Sharing my notes on time management, hope they help someone — no rush, whenever you have time",safe,original
you clearly have absolutely  zero brains You always mess everything up.,toxic,original
"Look, your work is completely  garbage Nobody asked you.",toxic,original
No offense but you are  clueless Nobody asked you.,toxic,original
No offense but you are  clueless Stop talking.,toxic,original
"Honestly, your opinion is genuinely  worthless trash Go away.",toxic,original
"Our team shipped a new FastAPI feature yesterday — no rush, whenever you have time",safe,augmented:safe
you are genuinely  clueless I have no respect for you.,toxic,original
"To be frank, that was  pathetic and sad I have no respect for you.",toxic,original
"Sharing my notes on Python, hope they help someone Looking forward to your reply.",safe,original
"Just read a great article about public speaking — no rush, whenever you have time",safe,original
Highly recommend checking out career switching if you haven't Looking forward to your reply.,safe,original
you clearly have utterly  zero brains Get lost.,toxic,original
you are  clueless,toxic,original
"Honestly, you are totally  pathetic I have no respect for you.",toxic,original
What do you think about time management? Any input is welcome.,safe,original
you've been selected for a FREE iPhone Limited time offer!,spam,original
"Working on career switching this week, it's challenging but fun (genuinely asking)",safe,original
get a 90% discount on drone 100% guaranteed!!! (sent from a verified winner account),spam,original
win a FREE smart watch! Don't miss out!!! — click bit.ly link,spam,original
No offense but you sound completely  ridiculous,toxic,original
get a 90% discount on laptop Claim before it's gone! — free shipping worldwide,spam,original
get a 90% discount on laptop Claim before it's gone! — reply YES to claim,spam,original
"Honestly, you are utterly  clueless You always mess everything up.",toxic,original
Any advice on career switching? Thanks in advance!,safe,original
wireless earbuds giveaway — you are the lucky winner! Click the link to claim! — free shipping worldwide,spam,original
"Working on hiking this week, it's challenging but fun Have a good one!",safe,original
last chance to get PlayStation 5 FREE Claim before it's gone!,spam,original
last chance to get wireless earbuds FREE Claim before it's gone! (sent from a verified winner account),spam,original
exclusive deal: wireless earbuds for 95% OFF 100% guaranteed!!! — free shipping worldwide,spam,original
"No offense but nobody likes you, genuinely  loser Go away.",toxic,original
get a 90% discount on Netflix account Click here NOW!!!,spam,original
gaming chair giveaway — you are the lucky winner! Act now! (sent from a verified winner account),spam,original
Samsung TV giveaway — you are the lucky winner! Click here NOW!!! — no credit card required,spam,original
Where can I find good resources on Docker?,safe,original
that was  pathetic and sad,toxic,original
Does anyone have experience with unit testing? Any input is welcome.,safe,original
"Slowly getting better at Python, one day at a time (genuinely asking)",safe,original
"Any advice on SQL optimization? — no rush, whenever you have time",safe,original
Our team shipped a new cooking pasta feature yesterday Cheers!,safe,original
"To be frank, nobody likes you,  loser Nobody asked you.",toxic,original
Could you help me with hiking? Have a good one!,safe,original
Does anyone have experience with system design? (genuinely asking),safe,original
"Look, your opinion is genuinely  worthless trash Stop talking.",toxic,original
No offense but your work is completely  garbage Get lost.,toxic,original
Highly recommend checking out public speaking if you haven't (genuinely asking),safe,original
"Any advice on public speaking? — no rush, whenever you have time",safe,original
you are genuinely  pathetic Stop talking.,toxic,original
you are totally  useless Go away.,toxic,original
you've been selected for a FREE gaming chair Claim before it's gone! — reply YES to claim,spam,original
you are completely  worthless,toxic,original
"Look, nobody likes you, totally  loser",toxic,original
"Seriously, you sound completely  ridiculous",toxic,original
Where can I find good resources on unit testing? Looking forward to your reply.,safe,original
"Just read a great article about time management — no rush, whenever you have time",safe,original
"Seriously, you are  pathetic Do everyone a favor and be quiet.",toxic,original
Does anyone have experience with FastAPI? Thanks in advance!,safe,original
I've been practicing public speaking for three months now Thanks in advance!,safe,original
wireless earbuds giveaway — you are the lucky winner! 100% guaranteed!!! — reply YES to claim,spam,original
"I finished the open source contributions course today, feeling proud Would love to hear your thoughts.",safe,original
"last chance to get MacBook Pro FREE Hurry, only 3 left! — no credit card required",spam,original
"To be frank, you are  worthless Nobody asked you.",toxic,original
you've been selected for a FREE PlayStation 5 Act now! — reply YES to claim,spam,original
"Working on cooking pasta this week, it's challenging but fun",safe,original
crypto course giveaway — you are the lucky winner! Act now!,spam,original
"Hey, that's a great point! Thanks for sharing.",safe,original
"To be frank, you are totally  stupid Stop talking.",toxic,original
"Your email has won $1,000,000 in our lottery! Claim now!",spam,original
get a 90% discount on iPhone Click the link to claim!,spam,original
you've been selected for a FREE smart watch Claim before it's gone! — click bit.ly link,spam,original
"Sharing my notes on remote work, hope they help someone — no rush, whenever you have time",safe,original
"Honestly, your work is  garbage Go away.",toxic,original
"Seriously, your opinion is genuinely  worthless trash I have no respect for you.",toxic,original
last chance to get gaming chair FREE Don't miss out!!! — no credit card required,spam,original
you are  clueless I have no respect for you.,toxic,original
"I finished the machine learning course today, feeling proud Any input is welcome.",safe,original
get a 90% discount on camera — click bit.ly link,spam,original
you've been selected for a FREE Samsung TV 100% guaranteed!!! — no credit card required,spam,original
you've been selected for a FREE Amazon gift card Claim before it's gone! — click bit.ly link,spam,original
"You are absolute trash at this game, uninstall and die",toxic,original
buy tablet for just $1.99 100% guaranteed!!!,spam,original
Finally understood public speaking after weeks of struggling Any input is welcome.,safe,original
Highly recommend checking out career switching if you haven't Thanks in advance!,safe,original
iPhone giveaway — you are the lucky winner! Act now! — reply YES to claim,spam,original
you are completely  pathetic I have no respect for you.,toxic,original
MacBook Pro giveaway — you are the lucky winner! 100% guaranteed!!! — reply YES to claim,spam,original
exclusive deal: gaming chair for 95% OFF Don't miss out!!! — click bit.ly link,spam,original
you've been selected for a FREE VPN subscription 100% guaranteed!!! — click bit.ly link,spam,original
you are genuinely  stupid Get lost.,toxic,original
"Look, you sound utterly  ridiculous I have no respect for you.",toxic,original
win a FREE iPhone! Don't miss out!!!,spam,original
win a FREE PlayStation 5! Claim before it's gone! — click bit.ly link,spam,original
chess keeps surprising me with new depths (genuinely asking),safe,original
you are completely  clueless Do everyone a favor and be quiet.,toxic,original
"camera giveaway — you are the lucky winner! Hurry, only 3 left! — no credit card required",spam,original
"Just read a great article about remote work — no rush, whenever you have time",safe,original
"Look, you sound  ridiculous I have no respect for you.",toxic,original
MacBook Pro giveaway — you are the lucky winner!,spam,original
"Seriously, that was utterly  pathetic and sad Get lost.",toxic,original
No offense but you are totally  stupid Get lost.,toxic,original
"Sharing my notes on machine learning, hope they help someone Would love to hear your thoughts.",safe,original
that was genuinely  pathetic and sad Go away.,toxic,original
Does anyone have experience with TypeScript? Would love to hear your thoughts.,safe,original
"Honestly, that was utterly  pathetic and sad You always mess everything up.",toxic,original
"Slowly getting better at remote work, one day at a time Any input is welcome.",safe,original
I think we should reconsider our approach and try something different.,safe,original
"Honestly, you are completely  an idiot Nobody asked you.",toxic,original
Does anyone have experience with remote work? Have a good one!,safe,original
claim your FREE wireless earbuds now! 100% guaranteed!!! (sent from a verified winner account),spam,original
I've been practicing hiking for three months now Any input is welcome.,safe,original
"I've been practicing TypeScript for three months now — no rush, whenever you have time",safe,augmented:safe
"I finished the open source contributions course today, feeling proud Any input is welcome.",safe,original
win a FREE wireless earbuds! Claim before it's gone! — no credit card required,spam,original
No offense but you sound absolutely  ridiculous Do everyone a favor and be quiet.,toxic,original
claim your FREE smart watch now! Act now! — click bit.ly link,spam,original
last chance to get Amazon gift card FREE Act now! — free shipping worldwide,spam,original
Where can I find good resources on Kubernetes? Have a good one!,safe,original
"last chance to get VPN subscription FREE Hurry, only 3 left! (sent from a verified winner account)",spam,original
MacBook Pro giveaway — you are the lucky winner! Click here NOW!!! — click bit.ly link,spam,original
"buy Netflix account for just $1.99 Hurry, only 3 left! (sent from a verified winner account)",spam,original
"Where can I find good resources on SQL optimization? — no rush, whenever you have time",safe,original
"No offense but nobody likes you,  loser Do everyone a favor and be quiet.",toxic,original
"Does anyone have experience with learning Spanish? — no rush, whenever you have time",safe,original
Could you help me with unit testing? Thanks in advance!,safe,original
get a 90% discount on camera Limited time offer! — click bit.ly link,spam,original
"I finished the open source contributions course today, feeling proud Thanks in advance!",safe,original
Is TypeScript worth learning this year? Looking forward to your reply.,safe,original
Any advice on Kubernetes?,safe,original
Meet beautiful singles in your area! Free registration! Click here!,spam,original
"Seriously, nobody likes you, genuinely  loser Go away.",toxic,original
Finally understood machine learning after weeks of struggling Any input is welcome.,safe,original
you've been selected for a FREE VPN subscription Limited time offer! (sent from a verified winner account),spam,original
Could you help me with time management? Have a good one!,safe,original
Finally understood chess after weeks of struggling Have a good one!,safe,original
"Look, you clearly have totally  zero brains Go away.",toxic,original
"To be frank, that was utterly  pathetic and sad You always mess everything up.",toxic,original
Our team shipped a new open source contributions feature yesterday Looking forward to your reply.,safe,original
Any advice on system design? Have a good one!,safe,original
React keeps surprising me with new depths Cheers!,safe,original
claim your FREE VPN subscription now! Click here NOW!!! — reply YES to claim,spam,original
last chance to get Samsung TV FREE Limited time offer!,spam,original
FREE trial! No credit card needed. Sign up now for bonus gifts!,spam,original
"That restaurant sounds amazing, I'll definitely check it out.",safe,original
get a 90% discount on Samsung TV Claim before it's gone!,spam,original
"Is SQL optimization worth learning this year? — no rush, whenever you have time",safe,original
"Look, you are completely  clueless Stop talking.",toxic,original
buy camera for just $1.99 100% guaranteed!!! — click bit.ly link,spam,original
"Honestly, you are  clueless Get lost.",toxic,original
win a FREE iPhone! Offer expires today! — no credit card required,spam,original
Any advice on career switching? Have a good one!,safe,original
"I finished the SQL optimization course today, feeling proud Have a good one!",safe,original
learning Spanish keeps surprising me with new depths,safe,original
claim your FREE tablet now! Claim before it's gone! — no credit card required,spam,original
Is photography worth learning this year? Looking forward to your reply.,safe,original
Finally understood SQL optimization after weeks of struggling Thanks in advance!,safe,augmented:safe
"Hello everyone, nice weather today isn't it?",safe,original
Our team shipped a new time management feature yesterday Have a good one!,safe,original
"Honestly, you are absolutely  stupid Go away.",toxic,original
"Just read a great article about machine learning — no rush, whenever you have time",safe,original
"Look, you are genuinely  clueless Go away.",toxic,original
exclusive deal: Netflix account for 95% OFF Click here NOW!!! — reply YES to claim,spam,original
"Honestly, that was absolutely  pathetic and sad Do everyone a favor and be quiet.",toxic,original
get a 90% discount on laptop — reply YES to claim,spam,original
claim your FREE iPhone now! Act now! — free shipping worldwide,spam,original
No offense but you are  worthless Stop talking.,toxic,original
"To be frank, that was totally  pathetic and sad Get lost.",toxic,original
last chance to get gaming chair FREE Click the link to claim!,spam,original
Is React worth learning this year?,safe,original
exclusive deal: PlayStation 5 for 95% OFF Claim before it's gone! — no credit card required,spam,original
photography keeps surprising me with new depths Thanks in advance!,safe,original
win a FREE MacBook Pro! Click here NOW!!!,spam,original
claim your FREE crypto course now! Claim before it's gone!,spam,original
"Seriously, you are utterly  an idiot Nobody asked you.",toxic,original
Could you help me with hiking? Thanks in advance!,safe,original
You're honestly the dumbest person I've ever encountered,toxic,original
"you've been selected for a FREE PlayStation 5 Hurry, only 3 left! (sent from a verified winner account)",spam,original
"Look, nobody likes you, genuinely  loser I have no respect for you.",toxic,original
Act now! Special promotion ends today. Don't miss out!,spam,original
exclusive deal: PlayStation 5 for 95% OFF Act now! — click bit.ly link,spam,original
win a FREE wireless earbuds! 100% guaranteed!!!,spam,original
get a 90% discount on Amazon gift card Offer expires today! — free shipping worldwide,spam,original
I'm curious about FastAPI Thanks in advance!,safe,original
"FastAPI keeps surprising me with new depths — no rush, whenever you have time",safe,original
get a 90% discount on camera Click here NOW!!! — no credit card required,spam,original
"Seriously, nobody likes you, absolutely  loser",toxic,original
get a 90% discount on Netflix account — free shipping worldwide,spam,original
"To be frank, you are genuinely  pathetic Nobody asked you.",toxic,original
"Look, that was absolutely  pathetic and sad Stop talking.",toxic,original
buy gaming chair for just $1.99 — free shipping worldwide,spam,original
I've been practicing open source contributions for three months now Would love to hear your thoughts.,safe,original
"To be frank, you are genuinely  clueless Go away.",toxic,original
"Slowly getting better at TypeScript, one day at a time",safe,original
"To be frank, you are genuinely  an idiot Go away.",toxic,original
tablet giveaway — you are the lucky winner! Act now! — free shipping worldwide,spam,original
get a 90% discount on tablet Click the link to claim! — no credit card required,spam,original
Our team shipped a new career switching feature yesterday,safe,original
buy camera for just $1.99 100% guaranteed!!! (sent from a verified winner account),spam,original
No offense but that was genuinely  pathetic and sad Nobody asked you.,toxic,original
"Sharing my notes on Kubernetes, hope they help someone Thanks in advance!",safe,original
"Seriously, your opinion is completely  worthless trash",toxic,original
"Look, you are completely  worthless Get lost.",toxic,original
No offense but you are  stupid You always mess everything up.,toxic,original
last chance to get MacBook Pro FREE Click the link to claim! — free shipping worldwide,spam,original
last chance to get Amazon gift card FREE Act now! (sent from a verified winner account),spam,original
Just read a great article about Python Cheers!,safe,original
you've been selected for a FREE tablet (sent from a verified winner account),spam,original
Is hiking worth learning this year? Thanks in advance!,safe,original
get a 90% discount on crypto course Click here NOW!!! — no credit card required,spam,original
hiking keeps surprising me with new depths Looking forward to your reply.,safe,original
"Slowly getting better at public speaking, one day at a time Cheers!",safe,augmented:safe
"Our team shipped a new learning Spanish feature yesterday — no rush, whenever you have time",safe,augmented:safe
"Is Python worth learning this year? — no rush, whenever you have time",safe,augmented:safe
"Honestly, your work is utterly  garbage",toxic,original
Where can I find good resources on hiking? Cheers!,safe,original
last chance to get camera FREE Don't miss out!!! — click bit.ly link,spam,original
you are completely  useless Do everyone a favor and be quiet.,toxic,original
your opinion is utterly  worthless trash,toxic,original
win a FREE smart watch! Claim before it's gone! — click bit.ly link,spam,original
Highly recommend checking out cooking pasta if you haven't (genuinely asking),safe,original
you've been selected for a FREE laptop Act now! (sent from a verified winner account),spam,original
buy MacBook Pro for just $1.99 Click here NOW!!! — no credit card required,spam,original
buy VPN subscription for just $1.99 Act now!,spam,original
you've been selected for a FREE camera Click the link to claim! (sent from a verified winner account),spam,original
Does anyone have experience with SQL optimization?,safe,original
iPhone giveaway — you are the lucky winner! 100% guaranteed!!! — click bit.ly link,spam,original
Get a free iPhone 15 Pro! Just complete this survey!,spam,original
Is hiking worth learning this year? Have a good one!,safe,original
"I've been practicing open source contributions for three months now — no rush, whenever you have time",safe,original
Just read a great article about machine learning Thanks in advance!,safe,original
tablet giveaway — you are the lucky winner! Don't miss out!!! — click bit.ly link,spam,original
you've been selected for a FREE laptop Click here NOW!!! (sent from a verified winner account),spam,original
get a 90% discount on VPN subscription Act now! — reply YES to claim,spam,original
"To be frank, you are  useless Do everyone a favor and be quiet.",toxic,original
No offense but your work is completely  garbage Nobody asked you.,toxic,original
claim your FREE MacBook Pro now! Click the link to claim! — click bit.ly link,spam,original
win a FREE MacBook Pro! — free shipping worldwide,spam,original
buy Netflix account for just $1.99 — no credit card required,spam,original
"To be frank, your work is completely  garbage Do everyone a favor and be quiet.",toxic,original
buy wireless earbuds for just $1.99 Act now!,spam,original
"Sharing my notes on photography, hope they help someone Any input is welcome.",safe,original
MacBook Pro giveaway — you are the lucky winner! Don't miss out!!!,spam,original
last chance to get crypto course FREE (sent from a verified winner account),spam,original
buy camera for just $1.99 Click here NOW!!! — no credit card required,spam,original
"Seriously, you are totally  worthless Do everyone a favor and be quiet.",toxic,original
last chance to get gaming chair FREE Don't miss out!!! — click bit.ly link,spam,original
How's the weather on your side?,safe,original
"Working on photography this week, it's challenging but fun",safe,original
"Sharing my notes on chess, hope they help someone Would love to hear your thoughts.",safe,original
"Sharing my notes on photography, hope they help someone Would love to hear your thoughts.",safe,original
Would you mind helping me with this task? I'd really appreciate it.,safe,original
buy iPhone for just $1.99 Act now! — reply YES to claim,spam,original
you sound totally  ridiculous Nobody asked you.,toxic,original
Can someone explain FastAPI to me? Cheers!,safe,original
Does anyone have experience with Docker? Looking forward to your reply.,safe,original
get a 90% discount on wireless earbuds 100% guaranteed!!! — reply YES to claim,spam,original
"Any advice on remote work? — no rush, whenever you have time",safe,original
Any advice on chess? Thanks in advance!,safe,original
"Kubernetes keeps surprising me with new depths — no rush, whenever you have time",safe,original
win a FREE camera! Click here NOW!!!,spam,original
get a 90% discount on Samsung TV Click the link to claim! (sent from a verified winner account),spam,original
React keeps surprising me with new depths Would love to hear your thoughts.,safe,original
I'm curious about Python Any input is welcome.,safe,original
"Seriously, your opinion is totally  worthless trash I have no respect for you.",toxic,original
Our team shipped a new chess feature yesterday Would love to hear your thoughts.,safe,original
you are totally  stupid Go away.,toxic,original
Any advice on public speaking? Any input is welcome.,safe,original
Any advice on Kubernetes? (genuinely asking),safe,augmented:safe
exclusive deal: laptop for 95% OFF Limited time offer! — no credit card required,spam,original
you are totally  useless Unbelievable.,toxic,augmented:toxic
"Slowly getting better at public speaking, one day at a time — no rush, whenever you have time",safe,original
Any advice on unit testing? Would love to hear your thoughts.,safe,original
you've been selected for a FREE Amazon gift card 100% guaranteed!!! — no credit card required,spam,original
last chance to get camera FREE Act now! — reply YES to claim,spam,original
What do you think about hiking? Have a good one!,safe,original
I've been practicing machine learning for three months now Any input is welcome.,safe,original
Can someone explain chess to me? Looking forward to your reply.,safe,original
"Look, you are utterly  worthless Get lost.",toxic,original
No offense but your opinion is  worthless trash Get lost.,toxic,original
Any advice on system design? Any input is welcome.,safe,original
get a 90% discount on Amazon gift card,spam,original
"To be frank, you sound  ridiculous You always mess everything up.",toxic,original
you are  an idiot Go away.,toxic,original
"To be frank, you are  stupid I have no respect for you.",toxic,original
Finally understood Docker after weeks of struggling Thanks in advance!,safe,original
You're garbage and everything you do is trash,toxic,original
No offense but you are genuinely  worthless I have no respect for you.,toxic,original
"Slowly getting better at cooking pasta, one day at a time",safe,original
Just read a great article about unit testing Any input is welcome.,safe,original
Just read a great article about Docker Have a good one!,safe,original
No offense but you are  worthless Go away.,toxic,original
"Honestly, you are totally  pathetic You always mess everything up.",toxic,original
chess keeps surprising me with new depths,safe,original
Where can I find good resources on learning Spanish? (genuinely asking),safe,original
"Look, your work is completely  garbage You always mess everything up.",toxic,original
get a 90% discount on PlayStation 5 Limited time offer! (sent from a verified winner account),spam,original
WIN a FREE iPhone! Click here NOW to claim your prize!!!,spam,original
Where can I find good resources on career switching? Would love to hear your thoughts.,safe,original
"What do you think about chess? — no rush, whenever you have time",safe,original
exclusive deal: drone for 95% OFF Act now! — click bit.ly link,spam,original
What do you think about time management? Looking forward to your reply.,safe,original
What do you think about TypeScript? Any input is welcome.,safe,original
"Sharing my notes on open source contributions, hope they help someone — no rush, whenever you have time",safe,original
"Slowly getting better at public speaking, one day at a time Thanks in advance!",safe,original
"Look, that was  pathetic and sad Do everyone a favor and be quiet.",toxic,original
win a FREE smart watch! Limited time offer! — reply YES to claim,spam,original
"Does anyone have experience with Kubernetes? — no rush, whenever you have time",safe,original
Just read a great article about career switching Any input is welcome.,safe,original
that was totally  pathetic and sad Stop talking.,toxic,original
"Sharing my notes on chess, hope they help someone Have a good one!",safe,original
"Honestly, you clearly have absolutely  zero brains Go away.",toxic,original
Hi there!,safe,original
Highly recommend checking out Docker if you haven't Looking forward to your reply.,safe,original
"claim your FREE smart watch now! Hurry, only 3 left! — free shipping worldwide",spam,original
"I finished the hiking course today, feeling proud Looking forward to your reply.",safe,original
"To be frank, you clearly have utterly  zero brains Stop talking.",toxic,original
Any advice on Kubernetes? Any input is welcome.,safe,original
No offense but you contribute nothing but noise Unbelievable.,toxic,augmented:toxic
"I finished the public speaking course today, feeling proud Looking forward to your reply.",safe,original
"Working on chess this week, it's challenging but fun Thanks in advance!",safe,original
Is hiking worth learning this year? Looking forward to your reply.,safe,original
"No offense but nobody likes you, absolutely  loser Nobody asked you.",toxic,original
Highly recommend checking out hiking if you haven't Looking forward to your reply.,safe,original
"you've been selected for a FREE MacBook Pro Hurry, only 3 left! — no credit card required",spam,original
you are  stupid Do everyone a favor and be quiet.,toxic,original
Finally understood React after weeks of struggling Cheers!,safe,original
Our team shipped a new Docker feature yesterday Thanks in advance!,safe,original
Could you help me with learning Spanish? Cheers!,safe,original
I've been practicing learning Spanish for three months now,safe,original
"Honestly, you clearly have totally  zero brains Go away.",toxic,original
exclusive deal: iPhone for 95% OFF Offer expires today! — no credit card required,spam,original
"Honestly, you sound genuinely  ridiculous",toxic,original
"To be frank, you are  an idiot You always mess everything up.",toxic,original
get a 90% discount on crypto course Click here NOW!!! — reply YES to claim,spam,original
get a 90% discount on gaming chair Click the link to claim! — free shipping worldwide,spam,original
buy tablet for just $1.99 Click the link to claim! — reply YES to claim,spam,original
Just read a great article about career switching (genuinely asking),safe,original
"Honestly, nobody likes you, utterly  loser Do everyone a favor and be quiet.",toxic,original
Can someone recommend a good book to read over the holidays?,safe,original
claim your FREE Samsung TV now! Click here NOW!!! — free shipping worldwide,spam,original
win a FREE iPhone! Act now! — no credit card required,spam,original
"claim your FREE drone now! Hurry, only 3 left! — no credit card required",spam,original
"Look, you sound completely  ridiculous You always mess everything up.",toxic,original
buy MacBook Pro for just $1.99 Offer expires today! — reply YES to claim,spam,original
Does anyone have experience with SQL optimization? Thanks in advance!,safe,original
Does anyone have experience with remote work? (genuinely asking),safe,original
"Working on Kubernetes this week, it's challenging but fun Thanks in advance!",safe,original
you've been selected for a FREE laptop Click the link to claim! — free shipping worldwide,spam,original
"Seriously, you sound completely  ridiculous Do everyone a favor and be quiet.",toxic,original
Does anyone have experience with Kubernetes? Any input is welcome.,safe,original
claim your FREE VPN subscription now! Offer expires today! (sent from a verified winner account),spam,original
exclusive deal: laptop for 95% OFF Offer expires today! — free shipping worldwide,spam,original
Finally understood chess after weeks of struggling (genuinely asking),safe,original
Is system design worth learning this year? Have a good one!,safe,original
Just read a great article about unit testing,safe,original
win a FREE Amazon gift card! Act now! — free shipping worldwide,spam,original
"Slowly getting better at time management, one day at a time Any input is welcome.",safe,original
you are absolutely  pathetic Get lost.,toxic,original
win a FREE tablet! — free shipping worldwide,spam,original
last chance to get PlayStation 5 FREE Offer expires today! — free shipping worldwide,spam,original
you are absolutely  pathetic Stop talking.,toxic,original
"Look, you sound utterly  ridiculous",toxic,original
Is learning Spanish worth learning this year? Thanks in advance!,safe,original
"Look, you are utterly  pathetic Nobody asked you.",toxic,original
last chance to get VPN subscription FREE Click the link to claim! (sent from a verified winner account),spam,original
"Look, your work is genuinely  garbage You always mess everything up.",toxic,original
"To be frank, you are totally  an idiot Do everyone a favor and be quiet.",toxic,original
"Honestly, you are totally  pathetic Nobody asked you.",toxic,original
I'm curious about machine learning Cheers!,safe,original
"Honestly, you are utterly  worthless Go away.",toxic,original
you've been selected for a FREE Netflix account Claim before it's gone!,spam,original
I've been practicing React for three months now (genuinely asking),safe,original
"Seriously, you are completely  an idiot Do everyone a favor and be quiet.",toxic,original
"To be frank, your ideas are totally  laughable Seriously.",toxic,augmented:toxic
No offense but that was  pathetic and sad You always mess everything up.,toxic,original
win a FREE laptop! Don't miss out!!!,spam,original
Can someone explain cooking pasta to me? Looking forward to your reply.,safe,original
Finally understood machine learning after weeks of struggling,safe,augmented:safe
Could you help me with chess? Thanks in advance!,safe,original
"To be frank, your work is  garbage Nobody asked you.",toxic,original
last chance to get drone FREE Limited time offer!,spam,original
"Honestly, you are completely  stupid",toxic,original
Does anyone have experience with learning Spanish? Cheers!,safe,original
exclusive deal: drone for 95% OFF Click here NOW!!! — free shipping worldwide,spam,original
"Samsung TV giveaway — you are the lucky winner! Hurry, only 3 left! — reply YES to claim",spam,original
exclusive deal: Samsung TV for 95% OFF Click here NOW!!! — no credit card required,spam,original
"Look, you are totally  clueless",toxic,original
you are utterly  clueless Nobody asked you.,toxic,original
Where can I find good resources on unit testing? Cheers!,safe,original
last chance to get drone FREE Click the link to claim! — no credit card required,spam,original
"Seriously, you are  pathetic Nobody asked you.",toxic,original
claim your FREE PlayStation 5 now! Act now! — click bit.ly link,spam,original
"Look, you clearly have absolutely  zero brains Go away.",toxic,original
What do you think about FastAPI?,safe,original
"Slowly getting better at chess, one day at a time Would love to hear your thoughts.",safe,original
Can someone explain cooking pasta to me? Thanks in advance!,safe,original
"Honestly, nobody likes you,  loser Get lost.",toxic,original
"Honestly, you are utterly  pathetic Stop talking.",toxic,original
Happy birthday! I hope you have a wonderful day!,safe,original
last chance to get gaming chair FREE Act now! (sent from a verified winner account),spam,original
"Look, your work is completely  garbage Go away.",toxic,original
"buy VPN subscription for just $1.99 Hurry, only 3 left! — no credit card required",spam,original
claim your FREE camera now! Don't miss out!!! — reply YES to claim,spam,original
"To be frank, you are utterly  worthless I have no respect for you.",toxic,original
No offense but you are genuinely  pathetic Go away.,toxic,original
Just read a great article about Docker Thanks in advance!,safe,original
win a FREE laptop! Claim before it's gone! — no credit card required,spam,original
Where can I find good resources on career switching? Cheers!,safe,original
"To be frank, you are  an idiot Do everyone a favor and be quiet.",toxic,original
"Honestly, that was  pathetic and sad Nobody asked you.",toxic,original
Our team shipped a new React feature yesterday Looking forward to your reply.,safe,original
"Seriously, you are completely  an idiot Go away.",toxic,original
Is machine learning worth learning this year? Looking forward to your reply.,safe,original
claim your FREE Amazon gift card now! Claim before it's gone! — click bit.ly link,spam,original
"To be frank, you are genuinely  stupid Get lost.",toxic,original
Could you help me with FastAPI? Thanks in advance!,safe,original
last chance to get smart watch FREE Claim before it's gone! — click bit.ly link,spam,original
"To be frank, you are absolutely  worthless Stop talking.",toxic,original
Highly recommend checking out open source contributions if you haven't Cheers!,safe,original
drone giveaway — you are the lucky winner! Don't miss out!!! — free shipping worldwide,spam,original
get a 90% discount on gaming chair Act now!,spam,original
"win a FREE Samsung TV! Hurry, only 3 left! (sent from a verified winner account)",spam,original
"I finished the career switching course today, feeling proud Would love to hear your thoughts.",safe,original
you've been selected for a FREE tablet Don't miss out!!! — no credit card required,spam,original
What time does the event start? I want to arrive early.,safe,original
Is remote work worth learning this year? (genuinely asking),safe,original
"Seriously, you are totally  useless You always mess everything up.",toxic,original
Where can I find good resources on remote work? Thanks in advance!,safe,original
"No offense but nobody likes you, utterly  loser Stop talking.",toxic,original
get a 90% discount on wireless earbuds Offer expires today! — reply YES to claim,spam,original
I've been practicing cooking pasta for three months now Cheers!,safe,original
"Can someone explain system design to me? — no rush, whenever you have time",safe,original
Just read a great article about system design Looking forward to your reply.,safe,original
claim your FREE VPN subscription now! Limited time offer! (sent from a verified winner account),spam,original
Our team shipped a new Kubernetes feature yesterday Cheers!,safe,original
win a FREE PlayStation 5! Act now! — click bit.ly link,spam,original
"Slowly getting better at hiking, one day at a time Have a good one!",safe,original
I'm curious about React Have a good one!,safe,original
get a 90% discount on Samsung TV 100% guaranteed!!! — click bit.ly link,spam,original
"Look, you sound genuinely  ridiculous You always mess everything up.",toxic,original
"No offense but nobody likes you, absolutely  loser I have no respect for you.",toxic,original
No offense but you are genuinely  useless I have no respect for you.,toxic,original
Could you help me with career switching? Thanks in advance!,safe,original
Python keeps surprising me with new depths Would love to hear your thoughts.,safe,original
Where can I find good resources on system design? Cheers!,safe,original
get a 90% discount on MacBook Pro Click the link to claim! — free shipping worldwide,spam,original
buy Samsung TV for just $1.99 (sent from a verified winner account),spam,original
get a 90% discount on Samsung TV Don't miss out!!! — free shipping worldwide,spam,original
Does anyone have experience with remote work? Cheers!,safe,original
I'm curious about hiking Have a good one!,safe,original
"Look, your work is genuinely  garbage Go away.",toxic,original
get a 90% discount on crypto course Offer expires today! — click bit.ly link,spam,original
No offense but you are totally  an idiot Do everyone a favor and be quiet.,toxic,original
"Honestly, you are  worthless",toxic,original
that was absolutely  pathetic and sad Stop talking.,toxic,original
Can someone explain public speaking to me? (genuinely asking),safe,original
"Slowly getting better at learning Spanish, one day at a time — no rush, whenever you have time",safe,original
you are totally  useless You always mess everything up.,toxic,original
Highly recommend checking out cooking pasta if you haven't Cheers!,safe,original
I appreciate your patience while we resolve this issue.,safe,original
Finally understood cooking pasta after weeks of struggling (genuinely asking),safe,original
claim your FREE PlayStation 5 now! Don't miss out!!! (sent from a verified winner account),spam,original
"PlayStation 5 giveaway — you are the lucky winner! Hurry, only 3 left!",spam,original
"Slowly getting better at Kubernetes, one day at a time — no rush, whenever you have time",safe,original
claim your FREE Amazon gift card now! — click bit.ly link,spam,original
"Honestly, your opinion is utterly  worthless trash You always mess everything up.",toxic,original
last chance to get tablet FREE Click here NOW!!! (sent from a verified winner account),spam,original
claim your FREE wireless earbuds now! Click here NOW!!! — no credit card required,spam,original
"Look, you are completely  pathetic I have no respect for you.",toxic,original
Finally understood React after weeks of struggling Have a good one!,safe,original
Amazon gift card giveaway — you are the lucky winner! Click here NOW!!! — reply YES to claim,spam,original
cooking pasta keeps surprising me with new depths Looking forward to your reply.,safe,original
Highly recommend checking out SQL optimization if you haven't Looking forward to your reply.,safe,original
"Slowly getting better at cooking pasta, one day at a time (genuinely asking)",safe,original
"Honestly, you are utterly  useless Go away.",toxic,original
What do you think about machine learning? Looking forward to your reply.,safe,original
"you've been selected for a FREE PlayStation 5 Hurry, only 3 left! — reply YES to claim",spam,original
buy tablet for just $1.99 100% guaranteed!!! (sent from a verified winner account),spam,original
"claim your FREE Samsung TV now! Hurry, only 3 left! — free shipping worldwide",spam,original
"Working on hiking this week, it's challenging but fun Looking forward to your reply.",safe,original
"Honestly, that was genuinely  pathetic and sad Get lost.",toxic,original
No offense but you clearly have  zero brains,toxic,original
exclusive deal: tablet for 95% OFF Act now!,spam,original
"I finished the machine learning course today, feeling proud (genuinely asking)",safe,original
"To be frank, you are completely  stupid Stop talking.",toxic,original
you've been selected for a FREE camera Don't miss out!!! — free shipping worldwide,spam,original
"Working on Docker this week, it's challenging but fun Cheers!",safe,original
"To be frank, you are genuinely  worthless Do everyone a favor and be quiet.",toxic,original
"To be frank, you sound  ridiculous",toxic,original
Highly recommend checking out hiking if you haven't (genuinely asking),safe,original
Any advice on learning Spanish? Looking forward to your reply.,safe,original
Where can I find good resources on hiking? Any input is welcome.,safe,original
Any advice on system design? Thanks in advance!,safe,original
you sound totally  ridiculous You always mess everything up.,toxic,original
claim your FREE VPN subscription now! Offer expires today! — reply YES to claim,spam,original
"Seriously, you are  useless I have no respect for you.",toxic,original
"Look, that was  pathetic and sad",toxic,original
Hurry! Last chance to win a free vacation! Click here!,spam,original
crypto course giveaway — you are the lucky winner! Click the link to claim! — click bit.ly link,spam,original
"Honestly, you are  clueless Go away.",toxic,original
I'm curious about cooking pasta Would love to hear your thoughts.,safe,original
"Honestly, you clearly have  zero brains",toxic,original
"To be frank, you are totally  stupid",toxic,original
buy MacBook Pro for just $1.99 Click here NOW!!! — reply YES to claim,spam,original
"Seriously, that was completely  pathetic and sad Go away.",toxic,original
Netflix account giveaway — you are the lucky winner! — reply YES to claim,spam,original
"Seriously, nobody likes you,  loser You always mess everything up.",toxic,original
Does anyone have experience with hiking? Cheers!,safe,original
Can someone explain learning Spanish to me? Would love to hear your thoughts.,safe,original
What do you think about photography?,safe,original
I've been practicing FastAPI for three months now Cheers!,safe,original
Just read a great article about learning Spanish Looking forward to your reply.,safe,original
"last chance to get laptop FREE Hurry, only 3 left! — free shipping worldwide",spam,original
claim your FREE Netflix account now! Click the link to claim!,spam,original
"Honestly, your work is  garbage I have no respect for you.",toxic,original
"Sharing my notes on learning Spanish, hope they help someone Thanks in advance!",safe,original
What do you think about photography? Any input is welcome.,safe,original
"Look, that was utterly  pathetic and sad Go away.",toxic,original
"Honestly, you are  useless Nobody asked you.",toxic,original
"Honestly, nobody likes you, utterly  loser You always mess everything up.",toxic,original
win a FREE smart watch! Click here NOW!!! — click bit.ly link,spam,original
last chance to get gaming chair FREE,spam,original
I'm curious about FastAPI Have a good one!,safe,original
you are totally  stupid I have no respect for you.,toxic,original
you've been selected for a FREE smart watch Offer expires today! (sent from a verified winner account),spam,original
claim your FREE laptop now! 100% guaranteed!!! — no credit card required,spam,original
you've been selected for a FREE laptop 100% guaranteed!!! — click bit.ly link,spam,original
"win a FREE PlayStation 5! Hurry, only 3 left! — free shipping worldwide",spam,original
win a FREE gaming chair! Click here NOW!!!,spam,original
Highly recommend checking out Docker if you haven't Thanks in advance!,safe,original
claim your FREE drone now! Limited time offer! — reply YES to claim,spam,original
No offense but stop embarrassing yourself You always mess everything up.,toxic,augmented:toxic
"I finished the FastAPI course today, feeling proud Thanks in advance!",safe,original
No offense but you are completely  an idiot I have no respect for you.,toxic,original
"Highly recommend checking out FastAPI if you haven't — no rush, whenever you have time",safe,original
Where can I find good resources on chess?,safe,original
Could you help me with chess? Looking forward to your reply.,safe,original
"To be frank, that was genuinely  pathetic and sad Stop talking.",toxic,original
"Working on Kubernetes this week, it's challenging but fun (genuinely asking)",safe,original
Finally understood system design after weeks of struggling Looking forward to your reply.,safe,original
"I finished the career switching course today, feeling proud Cheers!",safe,original
"Where can I find good resources on remote work? — no rush, whenever you have time",safe,original
exclusive deal: Amazon gift card for 95% OFF Limited time offer! — free shipping worldwide,spam,original
Is system design worth learning this year? (genuinely asking),safe,original
"Ahahah look at this freak, what a pathetic idiot",toxic,original
exclusive deal: laptop for 95% OFF Limited time offer! — free shipping worldwide,spam,original
"Seriously, you clearly have genuinely  zero brains Stop talking.",toxic,original
"Honestly, that was absolutely  pathetic and sad I have no respect for you.",toxic,original
exclusive deal: gaming chair for 95% OFF Offer expires today!,spam,original
"Seriously, you are totally  stupid",toxic,original
win a FREE wireless earbuds! Click here NOW!!! — reply YES to claim,spam,original
No offense but you are genuinely  stupid Go away.,toxic,original
"Seriously, that was absolutely  pathetic and sad Stop talking.",toxic,original
"No offense but nobody likes you, absolutely  loser Go away.",toxic,original
win a FREE Samsung TV! Offer expires today! — reply YES to claim,spam,original
"Seriously, your work is completely  garbage Get lost.",toxic,original
No offense but you sound totally  ridiculous Stop talking.,toxic,original
Double your income in 24 hours! Proven method! Click here!,spam,original
I'm curious about unit testing Thanks in advance!,safe,original
"you've been selected for a FREE crypto course Hurry, only 3 left! — free shipping worldwide",spam,original
"To be frank, you are genuinely  an idiot Get lost.",toxic,original
you've been selected for a FREE laptop Click here NOW!!! — click bit.ly link,spam,original
No offense but your work is  garbage Get lost.,toxic,original
smart watch giveaway — you are the lucky winner! Claim before it's gone! — click bit.ly link,spam,original
exclusive deal: laptop for 95% OFF Click the link to claim! — click bit.ly link,spam,original
you've been selected for a FREE crypto course Click here NOW!!! — free shipping worldwide,spam,original
No offense but you are genuinely  stupid I have no respect for you.,toxic,original
"nobody likes you, genuinely  loser",toxic,original
time management keeps surprising me with new depths Thanks in advance!,safe,original
exclusive deal: Netflix account for 95% OFF 100% guaranteed!!! (sent from a verified winner account),spam,original
buy MacBook Pro for just $1.99 Offer expires today! — click bit.ly link,spam,original
"Honestly, you clearly have genuinely  zero brains You always mess everything up.",toxic,augmented:toxic
"Seriously, this is the totally  dumbest thing I have ever read Unbelievable.",toxic,augmented:toxic
you are  clueless Do everyone a favor and be quiet.,toxic,original
claim your FREE drone now! Limited time offer! — click bit.ly link,spam,original
What a beautiful sunset! I love spending time outdoors.,safe,original
get a 90% discount on MacBook Pro (sent from a verified winner account),spam,original
"nobody likes you, genuinely  loser Stop talking.",toxic,original
you are completely  useless Nobody asked you.,toxic,original
PlayStation 5 giveaway — you are the lucky winner! Click here NOW!!! — reply YES to claim,spam,original
"To be frank, you sound totally  ridiculous You always mess everything up.",toxic,original
gaming chair giveaway — you are the lucky winner! Act now! — click bit.ly link,spam,original
"buy Netflix account for just $1.99 Hurry, only 3 left! — reply YES to claim",spam,original
What do you think about public speaking? Thanks in advance!,safe,original
"I really enjoyed this article, very informative and well-written.",safe,original
Any advice on Kubernetes? Cheers!,safe,original
"I finished the learning Spanish course today, feeling proud Cheers!",safe,original
win a FREE laptop! Click here NOW!!! — reply YES to claim,spam,original
"Seriously, you are  stupid Nobody asked you.",toxic,original
"Honestly, you are completely  pathetic Go away.",toxic,original
"Honestly, you are utterly  useless I have no respect for you.",toxic,original
"No offense but nobody likes you, utterly  loser Get lost.",toxic,original
Just read a great article about remote work Any input is welcome.,safe,original
Does anyone have experience with system design? Would love to hear your thoughts.,safe,original
Amazon gift card giveaway — you are the lucky winner! Click the link to claim! — reply YES to claim,spam,original
you are  stupid I have no respect for you.,toxic,original
last chance to get MacBook Pro FREE Limited time offer! — reply YES to claim,spam,original
"No offense but nobody likes you, genuinely  loser Nobody asked you.",toxic,original
claim your FREE smart watch now! — free shipping worldwide,spam,original
last chance to get drone FREE — no credit card required,spam,original
Our team shipped a new public speaking feature yesterday Looking forward to your reply.,safe,original
I've been practicing cooking pasta for three months now Would love to hear your thoughts.,safe,original
Highly recommend checking out TypeScript if you haven't Cheers!,safe,original
"Look, nobody likes you,  loser Get lost.",toxic,original
"claim your FREE PlayStation 5 now! Hurry, only 3 left! — reply YES to claim",spam,original
you've been selected for a FREE smart watch — click bit.ly link,spam,original
"Seriously, you are  useless",toxic,original
"Seriously, you are absolutely  an idiot Stop talking.",toxic,original
you've been selected for a FREE MacBook Pro,spam,original
you are  useless Get lost.,toxic,original
"Finally understood Docker after weeks of struggling — no rush, whenever you have time",safe,original
"To be frank, you clearly have utterly  zero brains I have no respect for you.",toxic,original
Just read a great article about hiking Cheers!,safe,original
"Seriously, you are genuinely  pathetic Nobody asked you.",toxic,original
"I learned something new today, thank you for the explanation.",safe,original
buy PlayStation 5 for just $1.99 Click here NOW!!! (sent from a verified winner account),spam,original
"To be frank, you are absolutely  pathetic I have no respect for you.",toxic,original
What do you think about Kubernetes? (genuinely asking),safe,original
I've been learning Spanish for a few months now and really enjoying it.,safe,original
"To be frank, you are utterly  pathetic Get lost.",toxic,original
"Look, you are completely  useless Nobody asked you.",toxic,original
Our team shipped a new system design feature yesterday Have a good one!,safe,original
Is career switching worth learning this year? Have a good one!,safe,original
last chance to get Amazon gift card FREE Claim before it's gone! — reply YES to claim,spam,original
last chance to get crypto course FREE Claim before it's gone! — free shipping worldwide,spam,original
Where can I find good resources on TypeScript? (genuinely asking),safe,original
Where can I find good resources on TypeScript? Thanks in advance!,safe,original
No offense but you are genuinely  clueless Get lost.,toxic,original
I've been practicing open source contributions for three months now Looking forward to your reply.,safe,original
Just read a great article about time management,safe,original
What do you think about remote work? Have a good one!,safe,original
win a FREE crypto course! Click the link to claim!,spam,original
"Honestly, you are  clueless Stop talking.",toxic,original
"Sharing my notes on Python, hope they help someone Any input is welcome.",safe,original
"Seriously, you clearly have  zero brains Do everyone a favor and be quiet.",toxic,original
Where can I find good resources on Docker? Have a good one!,safe,original
Is React worth learning this year? (genuinely asking),safe,original
get a 90% discount on VPN subscription Act now! — free shipping worldwide,spam,original
last chance to get VPN subscription FREE Click here NOW!!! — no credit card required,spam,original
Congratulations dear beneficiary. Your fund $5.5M is ready for transfer.,spam,original
exclusive deal: laptop for 95% OFF Claim before it's gone! — free shipping worldwide,spam,original
exclusive deal: camera for 95% OFF Claim before it's gone! — free shipping worldwide,spam,original
What do you think about public speaking? (genuinely asking),safe,original
Any advice on Docker? Any input is welcome.,safe,original
"Honestly, you are  clueless Nobody asked you.",toxic,original
Highly recommend checking out learning Spanish if you haven't Any input is welcome.,safe,original
"Working on FastAPI this week, it's challenging but fun — no rush, whenever you have time",safe,original
"To be frank, you are genuinely  an idiot Nobody asked you.",toxic,original
"Sharing my notes on React, hope they help someone Any input is welcome.",safe,original
"claim your FREE gaming chair now! Hurry, only 3 left! — free shipping worldwide",spam,original
Any advice on chess? Looking forward to your reply.,safe,original
claim your FREE drone now! Limited time offer!,spam,original
buy iPhone for just $1.99 Act now! — free shipping worldwide,spam,original
"Honestly, you are totally  stupid Go away.",toxic,original
claim your FREE gaming chair now! 100% guaranteed!!!,spam,original
Make easy money online! No skills required! Sign up free today!,spam,original
buy VPN subscription for just $1.99 Don't miss out!!! — reply YES to claim,spam,original
buy Amazon gift card for just $1.99 Click the link to claim! — click bit.ly link,spam,original
win a FREE VPN subscription! Offer expires today! — click bit.ly link,spam,original
Unlock premium features for FREE! Limited time! Click the link!,spam,original
get a 90% discount on tablet 100% guaranteed!!! — free shipping worldwide,spam,original
your opinion is utterly  worthless trash Nobody asked you.,toxic,original
get a 90% discount on Amazon gift card Limited time offer! — no credit card required,spam,original
Could you help me with React? Looking forward to your reply.,safe,original
last chance to get iPhone FREE Click here NOW!!! — click bit.ly link,spam,original
you are utterly  stupid Go away.,toxic,original
Flash sale! 90% off everything! Buy now before it's gone!,spam,original
No offense but you sound completely  ridiculous Stop talking.,toxic,original
"Slowly getting better at unit testing, one day at a time — no rush, whenever you have time",safe,original
No offense but you clearly have completely  zero brains Go away.,toxic,original
"Honestly, you are totally  worthless",toxic,original
"What do you think about FastAPI? — no rush, whenever you have time",safe,original
No offense but you are utterly  worthless Stop talking.,toxic,original
"Honestly, you are absolutely  worthless You always mess everything up.",toxic,original
No offense but you are utterly  useless You always mess everything up.,toxic,original
"exclusive deal: Amazon gift card for 95% OFF Hurry, only 3 left! — reply YES to claim",spam,original
"Seriously, you sound absolutely  ridiculous",toxic,original
"Sharing my notes on SQL optimization, hope they help someone Looking forward to your reply.",safe,original
your work is totally  garbage Do everyone a favor and be quiet.,toxic,original
you've been selected for a FREE iPhone Limited time offer! — click bit.ly link,spam,original
Highly recommend checking out Python if you haven't (genuinely asking),safe,original
get a 90% discount on wireless earbuds Claim before it's gone!,spam,original
get a 90% discount on smart watch Offer expires today!,spam,original
claim your FREE camera now! Offer expires today! — click bit.ly link,spam,original
"Look, you are completely  clueless I have no respect for you.",toxic,augmented:toxic
MacBook Pro giveaway — you are the lucky winner! Claim before it's gone! — reply YES to claim,spam,original
"To be frank, you sound completely  ridiculous You always mess everything up.",toxic,original
Appreciate your help,safe,original
"Honestly, your work is genuinely  garbage Do everyone a favor and be quiet.",toxic,original
Highly recommend checking out chess if you haven't Any input is welcome.,safe,original
"Look, you are totally  worthless Do everyone a favor and be quiet.",toxic,original
"I finished the SQL optimization course today, feeling proud Cheers!",safe,original
Just read a great article about time management Thanks in advance!,safe,original
PlayStation 5 giveaway — you are the lucky winner! Click the link to claim! — click bit.ly link,spam,original
I've been practicing public speaking for three months now,safe,original
"Look, you are  stupid I have no respect for you.",toxic,original
Just read a great article about time management (genuinely asking),safe,original
What do you think about SQL optimization? Would love to hear your thoughts.,safe,original
"Sharing my notes on SQL optimization, hope they help someone (genuinely asking)",safe,original
you've been selected for a FREE laptop Click here NOW!!! — reply YES to claim,spam,original
Highly recommend checking out public speaking if you haven't Any input is welcome.,safe,original
"Seriously, you clearly have genuinely  zero brains You always mess everything up.",toxic,original
Where can I find good resources on learning Spanish? Cheers!,safe,original
get a 90% discount on drone Don't miss out!!! — reply YES to claim,spam,original
Finally understood learning Spanish after weeks of struggling Would love to hear your thoughts.,safe,original
Just read a great article about system design,safe,original
"I finished the photography course today, feeling proud Have a good one!",safe,original
Can someone explain learning Spanish to me? Have a good one!,safe,augmented:safe
"Seriously, you clearly have utterly  zero brains Get lost.",toxic,original
"Seriously, your work is absolutely  garbage Get lost.",toxic,original
"To be frank, you are absolutely  an idiot Nobody asked you.",toxic,original
No offense but you are genuinely  stupid Get lost.,toxic,original
"Finally understood hiking after weeks of struggling — no rush, whenever you have time",safe,original
No offense but your opinion is completely  worthless trash Do everyone a favor and be quiet.,toxic,original
Finally understood public speaking after weeks of struggling Looking forward to your reply.,safe,original
What do you think about cooking pasta?,safe,augmented:safe
No offense but you are absolutely  clueless I have no respect for you.,toxic,original
win a FREE crypto course! Act now! — no credit card required,spam,original
you've been selected for a FREE gaming chair (sent from a verified winner account),spam,original
Is Kubernetes worth learning this year? Have a good one!,safe,original
"I finished the time management course today, feeling proud Would love to hear your thoughts.",safe,original
Could you help me with public speaking? Any input is welcome.,safe,original
go troll somewhere else I have no respect for you.,toxic,augmented:toxic
camera giveaway — you are the lucky winner! 100% guaranteed!!! — free shipping worldwide,spam,original
exclusive deal: Samsung TV for 95% OFF Claim before it's gone! — reply YES to claim,spam,original
"I finished the Docker course today, feeling proud",safe,original
"Sharing my notes on FastAPI, hope they help someone Thanks in advance!",safe,original
Our team shipped a new machine learning feature yesterday Cheers!,safe,augmented:safe
"I finished the cooking pasta course today, feeling proud Have a good one!",safe,original
exclusive deal: camera for 95% OFF 100% guaranteed!!! (sent from a verified winner account),spam,original
No offense but you are totally  clueless You always mess everything up.,toxic,original
buy Amazon gift card for just $1.99 Offer expires today!,spam,original
win a FREE VPN subscription!,spam,original
you are  an idiot I have no respect for you.,toxic,original
buy VPN subscription for just $1.99 Claim before it's gone! (sent from a verified winner account),spam,original
win a FREE Samsung TV! (sent from a verified winner account),spam,original
Could you help me with React? Would love to hear your thoughts.,safe,original
Happy Friday!,safe,original
Does anyone have experience with machine learning?,safe,original
Where can I find good resources on photography? Thanks in advance!,safe,original
"To be frank, nobody likes you, absolutely  loser Do everyone a favor and be quiet.",toxic,original
you've been selected for a FREE wireless earbuds Offer expires today! — no credit card required,spam,original
Could you help me with Python? (genuinely asking),safe,original
"Seriously, nobody likes you, utterly  loser Get lost.",toxic,original
"I'm curious about machine learning — no rush, whenever you have time",safe,original
Could you help me with system design? Looking forward to your reply.,safe,original
"Working on TypeScript this week, it's challenging but fun Cheers!",safe,original
get a 90% discount on tablet Offer expires today! (sent from a verified winner account),spam,original
claim your FREE VPN subscription now! Limited time offer! — reply YES to claim,spam,original
"buy MacBook Pro for just $1.99 Hurry, only 3 left! — free shipping worldwide",spam,original
"Honestly, you are utterly  clueless Go away.",toxic,original
get a 90% discount on crypto course Click the link to claim! — free shipping worldwide,spam,original
Just read a great article about Docker,safe,original
your work is genuinely  garbage Stop talking.,toxic,original
"Seriously, you are genuinely  stupid You always mess everything up.",toxic,original
Can someone explain machine learning to me? (genuinely asking),safe,original
win a FREE PlayStation 5! Don't miss out!!! — click bit.ly link,spam,original
last chance to get Netflix account FREE Act now! — no credit card required,spam,original
"To be frank, you are genuinely  worthless I have no respect for you.",toxic,original
"Look, you are totally  pathetic Stop talking.",toxic,original
I've been practicing career switching for three months now Cheers!,safe,original
Finally understood Kubernetes after weeks of struggling Would love to hear your thoughts.,safe,original
"Go die somewhere, you worthless piece of scum",toxic,original
Have a great day!,safe,original
Could you help me with TypeScript? Looking forward to your reply.,safe,original
win a FREE Samsung TV! Claim before it's gone! (sent from a verified winner account),spam,original
last chance to get laptop FREE Claim before it's gone! — no credit card required,spam,original
get a 90% discount on gaming chair Claim before it's gone! — click bit.ly link,spam,original
"Seriously, you are genuinely  an idiot",toxic,original
Does anyone have experience with TypeScript? Any input is welcome.,safe,original
win a FREE MacBook Pro! Claim before it's gone! — free shipping worldwide,spam,original
exclusive deal: iPhone for 95% OFF Offer expires today!,spam,original
"Sharing my notes on Docker, hope they help someone Cheers!",safe,original
"Working on system design this week, it's challenging but fun Looking forward to your reply.",safe,original
"Honestly, you are  clueless I have no respect for you.",toxic,original
you clearly have  zero brains Go away.,toxic,original
public speaking keeps surprising me with new depths Would love to hear your thoughts.,safe,original
Any advice on FastAPI? Any input is welcome.,safe,original
you are genuinely  an idiot I have no respect for you.,toxic,original
last chance to get Netflix account FREE Don't miss out!!! — reply YES to claim,spam,original
get a 90% discount on MacBook Pro Don't miss out!!! — click bit.ly link,spam,original
public speaking keeps surprising me with new depths Cheers!,safe,original
"Honestly, your opinion is utterly  worthless trash Stop talking.",toxic,original
Could you help me with system design? Cheers!,safe,original
"Seriously, you are absolutely  clueless Do everyone a favor and be quiet.",toxic,original
wireless earbuds giveaway — you are the lucky winner! Limited time offer!,spam,original
win a FREE tablet! Claim before it's gone! (sent from a verified winner account),spam,original
"Sharing my notes on Kubernetes, hope they help someone",safe,original
No offense but your work is absolutely  garbage Nobody asked you.,toxic,original
buy gaming chair for just $1.99 Limited time offer! — reply YES to claim,spam,original
No offense but you sound utterly  ridiculous Go away.,toxic,original
get a 90% discount on iPhone Click here NOW!!! — free shipping worldwide,spam,original
"Sharing my notes on Python, hope they help someone — no rush, whenever you have time",safe,original
"Working on public speaking this week, it's challenging but fun Cheers!",safe,original
Does anyone have experience with public speaking? Have a good one!,safe,original
"To be frank, you are completely  stupid You always mess everything up.",toxic,original
Where can I find good resources on system design? Would love to hear your thoughts.,safe,original
"You're so ugly and stupid, nobody cares about you",toxic,original
"Amazon gift card giveaway — you are the lucky winner! Hurry, only 3 left!",spam,original
last chance to get drone FREE Click the link to claim!,spam,original
"To be frank, you are absolutely  pathetic Stop talking.",toxic,original
"win a FREE smart watch! Hurry, only 3 left! — reply YES to claim",spam,original
you've been selected for a FREE drone Don't miss out!!! (sent from a verified winner account),spam,original
Does anyone have experience with hiking? Any input is welcome.,safe,original
last chance to get drone FREE Click here NOW!!!,spam,original
"Does anyone have experience with Python? — no rush, whenever you have time",safe,original
you are totally  an idiot I have no respect for you.,toxic,original
Finally understood open source contributions after weeks of struggling,safe,original
"To be frank, you clearly have utterly  zero brains Get lost.",toxic,original
you've been selected for a FREE drone Click here NOW!!! (sent from a verified winner account),spam,original
you are absolutely  worthless Go away.,toxic,original
exclusive deal: Amazon gift card for 95% OFF Click here NOW!!! — no credit card required,spam,original
Finally understood public speaking after weeks of struggling (genuinely asking),safe,original
"Does anyone have experience with system design? — no rush, whenever you have time",safe,original
Is open source contributions worth learning this year? Cheers!,safe,original
"To be frank, nobody likes you, absolutely  loser I have no respect for you.",toxic,original
"Look, your work is utterly  garbage I have no respect for you.",toxic,original
"you've been selected for a FREE Samsung TV Hurry, only 3 left! — reply YES to claim",spam,original
"I finished the open source contributions course today, feeling proud (genuinely asking)",safe,original
claim your FREE Amazon gift card now! 100% guaranteed!!! — click bit.ly link,spam,original
"Seriously, your opinion is utterly  worthless trash Get lost.",toxic,original
exclusive deal: Amazon gift card for 95% OFF Limited time offer!,spam,original
Any advice on Kubernetes? Looking forward to your reply.,safe,original
Can someone explain public speaking to me? Thanks in advance!,safe,original
"Look, your opinion is utterly  worthless trash You always mess everything up.",toxic,original
"Look, nobody likes you, totally  loser Nobody asked you.",toxic,original
you are genuinely  an idiot You always mess everything up.,toxic,original
"claim your FREE camera now! Hurry, only 3 left! — click bit.ly link",spam,original
get a 90% discount on Samsung TV Don't miss out!!!,spam,original
you clearly have totally  zero brains Stop talking.,toxic,original
you've been selected for a FREE laptop Click here NOW!!! — no credit card required,spam,original
Investment opportunity of a lifetime! Guaranteed returns! Click now!,spam,original
I'm curious about system design Thanks in advance!,safe,original
Highly recommend checking out system design if you haven't Thanks in advance!,safe,original
you've been selected for a FREE wireless earbuds,spam,original
get a 90% discount on crypto course Claim before it's gone! — no credit card required,spam,original
Our team shipped a new cooking pasta feature yesterday (genuinely asking),safe,original
exclusive deal: Samsung TV for 95% OFF 100% guaranteed!!!,spam,original
laptop giveaway — you are the lucky winner! Don't miss out!!! — free shipping worldwide,spam,original
you've been selected for a FREE crypto course,spam,original
Can someone explain Python to me? Cheers!,safe,original
last chance to get smart watch FREE (sent from a verified winner account),spam,original
open source contributions keeps surprising me with new depths Cheers!,safe,original
win a FREE Samsung TV! Don't miss out!!! — reply YES to claim,spam,original
win a FREE tablet! Don't miss out!!! — click bit.ly link,spam,original
I've been practicing hiking for three months now Have a good one!,safe,original
Is chess worth learning this year? Would love to hear your thoughts.,safe,original
remote work keeps surprising me with new depths (genuinely asking),safe,original
"Look, your work is totally  garbage Get lost.",toxic,original
"Seriously, you sound genuinely  ridiculous You always mess everything up.",toxic,original
win a FREE Amazon gift card! Act now! — reply YES to claim,spam,original
smart watch giveaway — you are the lucky winner! Don't miss out!!! — click bit.ly link,spam,original
What do you think about TypeScript? Looking forward to your reply.,safe,original
"Honestly, you are completely  pathetic I have no respect for you.",toxic,original
buy VPN subscription for just $1.99 Click here NOW!!! — reply YES to claim,spam,original
No offense but you sound completely  ridiculous Do everyone a favor and be quiet.,toxic,original
your opinion is completely  worthless trash You always mess everything up.,toxic,original
hiking keeps surprising me with new depths Have a good one!,safe,original
"Honestly, your opinion is  worthless trash You always mess everything up.",toxic,original
Netflix account giveaway — you are the lucky winner! Act now! — reply YES to claim,spam,original
iPhone giveaway — you are the lucky winner! Claim before it's gone! — click bit.ly link,spam,original
Does anyone have experience with photography? Any input is welcome.,safe,original
Where can I find good resources on photography? Cheers!,safe,original
win a FREE wireless earbuds! Don't miss out!!! — free shipping worldwide,spam,original
"Highly recommend checking out hiking if you haven't — no rush, whenever you have time",safe,original
Our team shipped a new React feature yesterday Would love to hear your thoughts.,safe,original
you are  clueless Get lost.,toxic,original
"Working on Python this week, it's challenging but fun Cheers!",safe,original
"Highly recommend checking out public speaking if you haven't — no rush, whenever you have time",safe,original
"Honestly, you are genuinely  pathetic You always mess everything up.",toxic,original
"To be frank, you sound completely  ridiculous Do everyone a favor and be quiet.",toxic,original
"Honestly, you sound utterly  ridiculous Get lost.",toxic,original
exclusive deal: VPN subscription for 95% OFF Click the link to claim! (sent from a verified winner account),spam,original
Can someone explain unit testing to me? Looking forward to your reply.,safe,original
you are totally  an idiot Go away.,toxic,original
Netflix account giveaway — you are the lucky winner! Click here NOW!!! — free shipping worldwide,spam,original
"To be frank, you sound utterly  ridiculous Stop talking.",toxic,original
No offense but you are absolutely  stupid You always mess everything up.,toxic,original
"Is machine learning worth learning this year? — no rush, whenever you have time",safe,original
Finally understood hiking after weeks of struggling Any input is welcome.,safe,original
"To be frank, you are completely  clueless Go away.",toxic,original
"Honestly, you are absolutely  an idiot Get lost.",toxic,original
"I finished the React course today, feeling proud Thanks in advance!",safe,original
What do you think about hiking? Any input is welcome.,safe,original
No offense but you are completely  useless Stop talking.,toxic,original
"Sharing my notes on open source contributions, hope they help someone Any input is welcome.",safe,original
Our team shipped a new Docker feature yesterday Have a good one!,safe,original
"Can someone explain public speaking to me? — no rush, whenever you have time",safe,original
you've been selected for a FREE smart watch Click here NOW!!!,spam,original
you've been selected for a FREE crypto course Offer expires today! — free shipping worldwide,spam,original
last chance to get crypto course FREE — reply YES to claim,spam,original
get a 90% discount on wireless earbuds Don't miss out!!! — click bit.ly link,spam,original
"Sharing my notes on public speaking, hope they help someone Looking forward to your reply.",safe,original
"I hate you so much, you pathetic loser",toxic,original
Our team shipped a new cooking pasta feature yesterday,safe,original
"Look, you clearly have utterly  zero brains",toxic,original
you've been selected for a FREE wireless earbuds Click the link to claim! — reply YES to claim,spam,original
"Slowly getting better at remote work, one day at a time",safe,original
you've been selected for a FREE Amazon gift card Offer expires today! — no credit card required,spam,original
Where can I find good resources on chess? Any input is welcome.,safe,original
"Seriously, go troll somewhere else You always mess everything up.",toxic,augmented:toxic
"Working on chess this week, it's challenging but fun Have a good one!",safe,original
your opinion is totally  worthless trash Get lost.,toxic,original
Finally understood Docker after weeks of struggling Looking forward to your reply.,safe,original
that was totally  pathetic and sad Nobody asked you.,toxic,original
you've been selected for a FREE tablet Don't miss out!!! — reply YES to claim,spam,original
"To be frank, you are totally  clueless Get lost.",toxic,original
"Seriously, nobody likes you, genuinely  loser Do everyone a favor and be quiet.",toxic,original
"Honestly, that was  pathetic and sad Stop talking.",toxic,original
exclusive deal: PlayStation 5 for 95% OFF — no credit card required,spam,original
"buy Netflix account for just $1.99 Hurry, only 3 left! — no credit card required",spam,original
Highly recommend checking out public speaking if you haven't Thanks in advance!,safe,original
chess keeps surprising me with new depths Any input is welcome.,safe,original
"Finally understood remote work after weeks of struggling — no rush, whenever you have time",safe,original
remote work keeps surprising me with new depths Any input is welcome.,safe,original
"To be frank, everything you say is wrong You always mess everything up.",toxic,augmented:toxic
Highly recommend checking out cooking pasta if you haven't,safe,original
"Python keeps surprising me with new depths — no rush, whenever you have time",safe,original
"To be frank, your opinion is absolutely  worthless trash Nobody asked you.",toxic,original
"I finished the unit testing course today, feeling proud — no rush, whenever you have time",safe,original
you've been selected for a FREE Netflix account Don't miss out!!! — reply YES to claim,spam,original
"Seriously, you are  worthless Stop talking.",toxic,original
No offense but you are utterly  pathetic Go away.,toxic,original
Our team shipped a new TypeScript feature yesterday Any input is welcome.,safe,original
last chance to get iPhone FREE Act now! — reply YES to claim,spam,original
SQL optimization keeps surprising me with new depths Any input is welcome.,safe,original
No offense but you are genuinely  an idiot,toxic,original
buy laptop for just $1.99 Limited time offer! — click bit.ly link,spam,original
"Look, you are absolutely  worthless Do everyone a favor and be quiet.",toxic,original
you've been selected for a FREE Netflix account Claim before it's gone! — reply YES to claim,spam,original
smart watch giveaway — you are the lucky winner! — reply YES to claim,spam,original
Finally understood cooking pasta after weeks of struggling Thanks in advance!,safe,original
claim your FREE Samsung TV now! (sent from a verified winner account),spam,original
"Slowly getting better at career switching, one day at a time Thanks in advance!",safe,original
Highly recommend checking out Kubernetes if you haven't Would love to hear your thoughts.,safe,original
you are totally  useless Stop talking.,toxic,original
"Any advice on career switching? — no rush, whenever you have time",safe,original
MacBook Pro giveaway — you are the lucky winner! Limited time offer! — reply YES to claim,spam,original
VPN subscription giveaway — you are the lucky winner! 100% guaranteed!!! — reply YES to claim,spam,original
exclusive deal: iPhone for 95% OFF Claim before it's gone! — free shipping worldwide,spam,original
you sound genuinely  ridiculous I have no respect for you.,toxic,original
you've been selected for a FREE drone — free shipping worldwide,spam,original
"Slowly getting better at React, one day at a time Thanks in advance!",safe,original
No offense but your work is utterly  garbage Go away.,toxic,original
"get a 90% discount on crypto course Hurry, only 3 left! — reply YES to claim",spam,original
"Highly recommend checking out remote work if you haven't — no rush, whenever you have time",safe,original
win a FREE VPN subscription! Claim before it's gone! (sent from a verified winner account),spam,original
exclusive deal: Samsung TV for 95% OFF Limited time offer! — no credit card required,spam,original
"To be frank, that was  pathetic and sad Do everyone a favor and be quiet.",toxic,original
crypto course giveaway — you are the lucky winner! Click here NOW!!!,spam,original
Could you help me with remote work? (genuinely asking),safe,original
"Working on SQL optimization this week, it's challenging but fun — no rush, whenever you have time",safe,original
Can someone explain open source contributions to me? Cheers!,safe,original
"Honestly, your opinion is  worthless trash",toxic,original
What do you think about unit testing?,safe,original
camera giveaway — you are the lucky winner! — click bit.ly link,spam,original
get a 90% discount on camera 100% guaranteed!!! — free shipping worldwide,spam,original
"Honestly, you sound  ridiculous You always mess everything up.",toxic,original
"I finished the Kubernetes course today, feeling proud Have a good one!",safe,original
last chance to get tablet FREE Click the link to claim! — no credit card required,spam,original
"Look, that was genuinely  pathetic and sad Do everyone a favor and be quiet.",toxic,original
you've been selected for a FREE drone Don't miss out!!! — click bit.ly link,spam,original
"Honestly, your work is completely  garbage You always mess everything up.",toxic,original
I've been practicing career switching for three months now (genuinely asking),safe,original
win a FREE MacBook Pro! Click here NOW!!! (sent from a verified winner account),spam,original
"Working on remote work this week, it's challenging but fun — no rush, whenever you have time",safe,original
No offense but you sound genuinely  ridiculous Stop talking.,toxic,original
What do you think about Docker? Any input is welcome.,safe,original
Warning! Your subscription expires! Renew now with special discount!,spam,original
exclusive deal: tablet for 95% OFF Offer expires today! — no credit card required,spam,original
Can someone explain learning Spanish to me? Any input is welcome.,safe,original
"Keep your mouth shut, you dumb loser",toxic,original
you've been selected for a FREE gaming chair 100% guaranteed!!! — no credit card required,spam,original
"last chance to get camera FREE Hurry, only 3 left! — click bit.ly link",spam,original
"Honestly, you clearly have utterly  zero brains",toxic,original
win a FREE crypto course! Don't miss out!!! (sent from a verified winner account),spam,original
"Working on SQL optimization this week, it's challenging but fun Would love to hear your thoughts.",safe,original
Can someone explain Kubernetes to me? Cheers!,safe,original
"Sharing my notes on Docker, hope they help someone Any input is welcome.",safe,original
Does anyone have experience with TypeScript? (genuinely asking),safe,original
claim your FREE PlayStation 5 now! Claim before it's gone! (sent from a verified winner account),spam,original
"learning Spanish keeps surprising me with new depths — no rush, whenever you have time",safe,original
Nobody likes you. You're annoying and pathetic. Go away.,toxic,original
get a 90% discount on laptop — free shipping worldwide,spam,original
your work is  garbage Go away.,toxic,original
"You moron, how did you even graduate? You're so pathetic",toxic,original
"To be frank, you are genuinely  pathetic Go away.",toxic,original
Does anyone have experience with system design? Any input is welcome.,safe,original
No offense but you are utterly  pathetic You always mess everything up.,toxic,original
unit testing keeps surprising me with new depths Thanks in advance!,safe,original
What do you think about unit testing? Cheers!,safe,original
win a FREE gaming chair! Click here NOW!!! — click bit.ly link,spam,original
"Honestly, your opinion is  worthless trash I have no respect for you.",toxic,original
you've been selected for a FREE tablet Click here NOW!!! — click bit.ly link,spam,original
No offense but you are absolutely  stupid Nobody asked you.,toxic,original
Does anyone have experience with Docker? Have a good one!,safe,original
"Seriously, you are completely  clueless I have no respect for you.",toxic,original
get a 90% discount on wireless earbuds Limited time offer! — free shipping worldwide,spam,original
exclusive deal: crypto course for 95% OFF Claim before it's gone! — click bit.ly link,spam,original
"Slowly getting better at cooking pasta, one day at a time Looking forward to your reply.",safe,original
you've been selected for a FREE Amazon gift card Limited time offer!,spam,original
you are utterly  stupid Nobody asked you.,toxic,original
What do you think about learning Spanish? Looking forward to your reply.,safe,original
I've been practicing unit testing for three months now,safe,original
"Seriously, your work is  garbage",toxic,original
What do you think about photography? Thanks in advance!,safe,original
"I've been practicing chess for three months now — no rush, whenever you have time",safe,original
you've been selected for a FREE Netflix account Act now! — reply YES to claim,spam,original
Highly recommend checking out open source contributions if you haven't Have a good one!,safe,original
"Honestly, you sound totally  ridiculous Nobody asked you.",toxic,original
exclusive deal: smart watch for 95% OFF Limited time offer! — click bit.ly link,spam,original
"Stop talking, you sound like a complete idiot every time",toxic,original
Any advice on Kubernetes? Would love to hear your thoughts.,safe,original
No offense but you are totally  useless Nobody asked you.,toxic,original
Our team shipped a new open source contributions feature yesterday Thanks in advance!,safe,original
buy VPN subscription for just $1.99 Offer expires today! — reply YES to claim,spam,original
wireless earbuds giveaway — you are the lucky winner! Click here NOW!!! — free shipping worldwide,spam,original
"To be frank, you are completely  pathetic Stop talking.",toxic,original
camera giveaway — you are the lucky winner! Offer expires today! — free shipping worldwide,spam,original
get a 90% discount on iPhone Don't miss out!!! — free shipping worldwide,spam,original
Finally understood React after weeks of struggling Would love to hear your thoughts.,safe,original
Just read a great article about time management Any input is welcome.,safe,augmented:safe
buy smart watch for just $1.99 100% guaranteed!!! — free shipping worldwide,spam,original
crypto course giveaway — you are the lucky winner! Claim before it's gone! — click bit.ly link,spam,original
"Look, you are  useless Get lost.",toxic,original
buy Samsung TV for just $1.99 Act now! — no credit card required,spam,original
"Honestly, your work is completely  garbage Nobody asked you.",toxic,original
"Seriously, you are completely  clueless Nobody asked you.",toxic,original
buy drone for just $1.99 Click the link to claim! (sent from a verified winner account),spam,original
buy PlayStation 5 for just $1.99 100% guaranteed!!! — free shipping worldwide,spam,original
"Where can I find good resources on open source contributions? — no rush, whenever you have time",safe,original
I'm curious about learning Spanish Any input is welcome.,safe,original
"To be frank, you are completely  an idiot Do everyone a favor and be quiet.",toxic,original
exclusive deal: iPhone for 95% OFF — no credit card required,spam,original
Could you help me with public speaking? (genuinely asking),safe,original
get a 90% discount on drone Act now! — reply YES to claim,spam,original
exclusive deal: drone for 95% OFF — no credit card required,spam,original
Highly recommend checking out Kubernetes if you haven't,safe,original
No offense but you are genuinely  pathetic,toxic,original
Is SQL optimization worth learning this year?,safe,original
"Just read a great article about cooking pasta — no rush, whenever you have time",safe,original
"Look, you are utterly  stupid",toxic,original
No offense but your work is totally  garbage You always mess everything up.,toxic,original
"claim your FREE iPhone now! Hurry, only 3 left! — free shipping worldwide",spam,original
"Finally understood SQL optimization after weeks of struggling — no rush, whenever you have time",safe,original
"Can someone explain time management to me? — no rush, whenever you have time",safe,original
"To be frank, nobody likes you, genuinely  loser Nobody asked you.",toxic,original
"Working on photography this week, it's challenging but fun Any input is welcome.",safe,original
Just read a great article about Python (genuinely asking),safe,original
No offense but you are  useless Do everyone a favor and be quiet.,toxic,original
last chance to get crypto course FREE 100% guaranteed!!!,spam,original
"Seriously, that was  pathetic and sad Get lost.",toxic,original
"Seriously, that was absolutely  pathetic and sad You always mess everything up.",toxic,original
get a 90% discount on wireless earbuds 100% guaranteed!!!,spam,original
"Seriously, you sound completely  ridiculous Go away.",toxic,original
"Slowly getting better at TypeScript, one day at a time Thanks in advance!",safe,original
"To be frank, nobody likes you, totally  loser You always mess everything up.",toxic,original
"Seriously, you are totally  useless Nobody asked you.",toxic,original
Just read a great article about Python Have a good one!,safe,original
"Look, you are utterly  an idiot Stop talking.",toxic,original
"Honestly, you clearly have  zero brains Get lost.",toxic,original
I'm curious about TypeScript Looking forward to your reply.,safe,original
last chance to get PlayStation 5 FREE 100% guaranteed!!!,spam,original
Our team shipped a new SQL optimization feature yesterday Would love to hear your thoughts.,safe,original
"Sharing my notes on photography, hope they help someone Have a good one!",safe,augmented:safe
"Look, that was totally  pathetic and sad Stop talking.",toxic,original
claim your FREE laptop now! Click the link to claim! — no credit card required,spam,original
Any advice on system design? Cheers!,safe,original
you've been selected for a FREE PlayStation 5 Offer expires today! — click bit.ly link,spam,original
Can someone explain system design to me? Thanks in advance!,safe,original
I've been practicing photography for three months now (genuinely asking),safe,original
exclusive deal: gaming chair for 95% OFF Click here NOW!!!,spam,original
Is open source contributions worth learning this year? Looking forward to your reply.,safe,original
Our team shipped a new SQL optimization feature yesterday Any input is welcome.,safe,original
"Look, you clearly have absolutely  zero brains I have no respect for you.",toxic,original
exclusive deal: VPN subscription for 95% OFF 100% guaranteed!!! — reply YES to claim,spam,original
get a 90% discount on MacBook Pro — click bit.ly link,spam,original
No offense but that was genuinely  pathetic and sad I have no respect for you.,toxic,original
you are absolutely  useless You always mess everything up.,toxic,original
"Honestly, you are completely  pathetic",toxic,original
"Seriously, you are totally  worthless You always mess everything up.",toxic,original
wireless earbuds giveaway — you are the lucky winner! 100% guaranteed!!! — free shipping worldwide,spam,original
claim your FREE wireless earbuds now! 100% guaranteed!!! — free shipping worldwide,spam,original
"I finished the remote work course today, feeling proud Looking forward to your reply.",safe,original
you are completely  pathetic,toxic,original
Highly recommend checking out unit testing if you haven't Would love to hear your thoughts.,safe,original
Finally understood Python after weeks of struggling Any input is welcome.,safe,original
Can someone explain cooking pasta to me? Would love to hear your thoughts.,safe,original
you are utterly  stupid I have no respect for you.,toxic,original
camera giveaway — you are the lucky winner! Act now! — reply YES to claim,spam,original
get a 90% discount on crypto course Claim before it's gone! — free shipping worldwide,spam,original
win a FREE wireless earbuds! Click here NOW!!! — free shipping worldwide,spam,original
buy MacBook Pro for just $1.99 Don't miss out!!! — reply YES to claim,spam,original
win a FREE drone! Claim before it's gone! — click bit.ly link,spam,original
exclusive deal: camera for 95% OFF Offer expires today! — reply YES to claim,spam,original
I've been practicing unit testing for three months now Thanks in advance!,safe,original
"To be frank, that was totally  pathetic and sad Go away.",toxic,original
Highly recommend checking out Kubernetes if you haven't Any input is welcome.,safe,original
"last chance to get MacBook Pro FREE Hurry, only 3 left! (sent from a verified winner account)",spam,original
"Slowly getting better at remote work, one day at a time Would love to hear your thoughts.",safe,original
No offense but you are  pathetic,toxic,original
"Look, that was utterly  pathetic and sad Nobody asked you.",toxic,original
"Where can I find good resources on system design? — no rush, whenever you have time",safe,original
your work is genuinely  garbage You always mess everything up.,toxic,original
"Look, you are genuinely  useless I have no respect for you.",toxic,original
"get a 90% discount on wireless earbuds Hurry, only 3 left!",spam,original
"Look, you are utterly  useless Do everyone a favor and be quiet.",toxic,original
No offense but you are absolutely  pathetic I have no respect for you.,toxic,original
win a FREE laptop! Act now!,spam,original
"I finished the cooking pasta course today, feeling proud Any input is welcome.",safe,original
buy camera for just $1.99 Click here NOW!!! — click bit.ly link,spam,original
Could you help me with system design? Would love to hear your thoughts.,safe,original
get a 90% discount on MacBook Pro 100% guaranteed!!! — free shipping worldwide,spam,original
exclusive deal: Amazon gift card for 95% OFF 100% guaranteed!!!,spam,original
you are totally  an idiot Get lost.,toxic,original
"I finished the remote work course today, feeling proud Would love to hear your thoughts.",safe,original
laptop giveaway — you are the lucky winner! Claim before it's gone! — click bit.ly link,spam,original
"Honestly, you are completely  worthless Get lost.",toxic,original
"you've been selected for a FREE drone Hurry, only 3 left! (sent from a verified winner account)",spam,original
"Sharing my notes on career switching, hope they help someone (genuinely asking)",safe,original
"Seriously, your opinion is completely  worthless trash Stop talking.",toxic,original
get a 90% discount on wireless earbuds Act now!,spam,original
"Could you help me with remote work? — no rush, whenever you have time",safe,original
"To be frank, nobody likes you, genuinely  loser You always mess everything up.",toxic,original
last chance to get camera FREE Claim before it's gone! — free shipping worldwide,spam,original
"Slowly getting better at TypeScript, one day at a time Looking forward to your reply.",safe,original
PlayStation 5 giveaway — you are the lucky winner! Claim before it's gone!,spam,original
Finally understood hiking after weeks of struggling Cheers!,safe,original
get a 90% discount on drone Claim before it's gone! — free shipping worldwide,spam,original
get a 90% discount on gaming chair — free shipping worldwide,spam,original
crypto course giveaway — you are the lucky winner! Act now! — reply YES to claim,spam,original
Just read a great article about system design Would love to hear your thoughts.,safe,original
Finally understood cooking pasta after weeks of struggling Any input is welcome.,safe,original
What do you think about Python? Thanks in advance!,safe,original
No offense but you clearly have completely  zero brains,toxic,original
Could you help me with Docker? Cheers!,safe,original
Amazing spam test example for testing,spam,original
that was utterly  pathetic and sad Get lost.,toxic,original
"Look, your opinion is totally  worthless trash Do everyone a favor and be quiet.",toxic,original
buy wireless earbuds for just $1.99 Claim before it's gone! — click bit.ly link,spam,original
"buy camera for just $1.99 Hurry, only 3 left! — reply YES to claim",spam,original
buy VPN subscription for just $1.99 Limited time offer! — click bit.ly link,spam,original
"Honestly, you are utterly  clueless Stop talking.",toxic,original
you sound  ridiculous Go away.,toxic,original
"To be frank, your work is  garbage Do everyone a favor and be quiet.",toxic,original
your opinion is absolutely  worthless trash Go away.,toxic,original
"Seriously, you are  an idiot Nobody asked you.",toxic,original
"Sharing my notes on Kubernetes, hope they help someone — no rush, whenever you have time",safe,original
I'm curious about TypeScript Cheers!,safe,original
No offense but you sound genuinely  ridiculous,toxic,original
"To be frank, you sound  ridiculous Nobody asked you.",toxic,original
Does anyone have experience with SQL optimization? (genuinely asking),safe,original
"Look, that was genuinely  pathetic and sad",toxic,original
claim your FREE smart watch now! 100% guaranteed!!! — click bit.ly link,spam,original
I've been practicing photography for three months now Would love to hear your thoughts.,safe,original
Does anyone have experience with career switching? (genuinely asking),safe,original
"Honestly, you clearly have completely  zero brains Nobody asked you.",toxic,original
"To be frank, you are absolutely  pathetic",toxic,original
"Sharing my notes on TypeScript, hope they help someone Would love to hear your thoughts.",safe,original
win a FREE Amazon gift card! — free shipping worldwide,spam,original
"Honestly, you are  clueless",toxic,original
Any advice on photography? Looking forward to your reply.,safe,original
buy PlayStation 5 for just $1.99 Act now! — reply YES to claim,spam,original
"Any advice on React? — no rush, whenever you have time",safe,original
"Honestly, your opinion is genuinely  worthless trash You always mess everything up.",toxic,original
What do you think about public speaking? Cheers!,safe,original
Is system design worth learning this year? Cheers!,safe,original
You have been selected for a cash prize! Claim your money now.,spam,original
"Honestly, your work is absolutely  garbage Get lost.",toxic,original
Is system design worth learning this year? Thanks in advance!,safe,original
"Seriously, nobody likes you,  loser Do everyone a favor and be quiet.",toxic,original
"Look, you are completely  clueless Do everyone a favor and be quiet.",toxic,original
you've been selected for a FREE smart watch,spam,original
you've been selected for a FREE VPN subscription Limited time offer! — click bit.ly link,spam,original
win a FREE smart watch! Act now! — click bit.ly link,spam,original
Finally understood Docker after weeks of struggling (genuinely asking),safe,original
I'm curious about TypeScript (genuinely asking),safe,original
"Seriously, you are utterly  pathetic You always mess everything up.",toxic,original
"Seriously, you are genuinely  clueless I have no respect for you.",toxic,original
No offense but your work is completely  garbage Stop talking.,toxic,original
claim your FREE laptop now! Act now! — click bit.ly link,spam,original
win a FREE drone! Act now! — free shipping worldwide,spam,original
that was genuinely  pathetic and sad Get lost.,toxic,original
"Any advice on system design? — no rush, whenever you have time",safe,original
crypto course giveaway — you are the lucky winner! 100% guaranteed!!!,spam,original
last chance to get iPhone FREE Don't miss out!!! — reply YES to claim,spam,original
buy Amazon gift card for just $1.99 Claim before it's gone! — click bit.ly link,spam,original
"Look, your work is totally  garbage You always mess everything up.",toxic,original
you are genuinely  useless Stop talking.,toxic,original
Any advice on machine learning?,safe,original
"Sharing my notes on TypeScript, hope they help someone Cheers!",safe,original
last chance to get wireless earbuds FREE 100% guaranteed!!! — no credit card required,spam,original
What do you think about cooking pasta? Looking forward to your reply.,safe,original
No offense but you sound  ridiculous You always mess everything up.,toxic,original
Does anyone have experience with open source contributions? Looking forward to your reply.,safe,original
claim your FREE camera now! Click here NOW!!! — free shipping worldwide,spam,original
"Sharing my notes on hiking, hope they help someone",safe,original
you've been selected for a FREE wireless earbuds Claim before it's gone!,spam,original
Does anyone have experience with remote work? Any input is welcome.,safe,original
your opinion is absolutely  worthless trash Get lost.,toxic,original
public speaking keeps surprising me with new depths Looking forward to your reply.,safe,original
"Working on SQL optimization this week, it's challenging but fun Thanks in advance!",safe,original
"Look, you are totally  stupid Stop talking.",toxic,original
you've been selected for a FREE tablet Don't miss out!!! — click bit.ly link,spam,original
win a FREE iPhone! Don't miss out!!! — reply YES to claim,spam,original
claim your FREE smart watch now! Offer expires today!,spam,original
exclusive deal: Netflix account for 95% OFF Claim before it's gone!,spam,original
"you've been selected for a FREE camera Hurry, only 3 left! — free shipping worldwide",spam,original
Such a loser. Everything about you is pathetic and sad.,toxic,original
"Working on machine learning this week, it's challenging but fun Thanks in advance!",safe,original
"Sharing my notes on open source contributions, hope they help someone Looking forward to your reply.",safe,original
No offense but you are  pathetic Go away.,toxic,original
FastAPI keeps surprising me with new depths,safe,original
"I finished the hiking course today, feeling proud (genuinely asking)",safe,original
"Look, you are totally  pathetic Go away.",toxic,original
"Sharing my notes on TypeScript, hope they help someone Have a good one!",safe,original
"I've been practicing Docker for three months now — no rush, whenever you have time",safe,original
exclusive deal: camera for 95% OFF Act now! — reply YES to claim,spam,original
No offense but you are genuinely  an idiot Stop talking.,toxic,original
buy tablet for just $1.99 Click here NOW!!! — click bit.ly link,spam,original
Finally understood learning Spanish after weeks of struggling,safe,original
"Honestly, you sound totally  ridiculous Get lost.",toxic,original
"I finished the hiking course today, feeling proud Have a good one!",safe,original
"Working on Kubernetes this week, it's challenging but fun Have a good one!",safe,original
get a 90% discount on gaming chair 100% guaranteed!!! — free shipping worldwide,spam,original
exclusive deal: wireless earbuds for 95% OFF Click the link to claim! (sent from a verified winner account),spam,original
you've been selected for a FREE drone Don't miss out!!!,spam,original
Could you help me with cooking pasta? Any input is welcome.,safe,original
No offense but you are absolutely  worthless You always mess everything up.,toxic,original
I've been practicing Python for three months now Would love to hear your thoughts.,safe,original
exclusive deal: camera for 95% OFF — click bit.ly link,spam,original
"To be frank, your opinion is absolutely  worthless trash I have no respect for you.",toxic,original
win a FREE PlayStation 5! Click the link to claim! — free shipping worldwide,spam,original
Could you help me with learning Spanish? Any input is welcome.,safe,original
VPN subscription giveaway — you are the lucky winner! Limited time offer! — no credit card required,spam,original
you've been selected for a FREE iPhone Offer expires today! — no credit card required,spam,original
Our team shipped a new chess feature yesterday Thanks in advance!,safe,original
"Look, you sound totally  ridiculous Get lost.",toxic,original
Does anyone have experience with TypeScript? Looking forward to your reply.,safe,augmented:safe
you've been selected for a FREE VPN subscription Don't miss out!!! (sent from a verified winner account),spam,original
"Look, nobody likes you,  loser Stop talking.",toxic,original
"I finished the Kubernetes course today, feeling proud",safe,original
Our team shipped a new React feature yesterday,safe,original
"Working on FastAPI this week, it's challenging but fun Cheers!",safe,original
"I'm curious about FastAPI — no rush, whenever you have time",safe,original
buy drone for just $1.99 Click the link to claim! — reply YES to claim,spam,original
"buy wireless earbuds for just $1.99 Hurry, only 3 left! — reply YES to claim",spam,original
"Look, you clearly have completely  zero brains Get lost.",toxic,original
Our team shipped a new open source contributions feature yesterday Cheers!,safe,original
"win a FREE wireless earbuds! Hurry, only 3 left! — reply YES to claim",spam,original
"Honestly, you are genuinely  an idiot",toxic,original
"Honestly, you are genuinely  an idiot Nobody asked you.",toxic,original
